"HITId","HITTypeId","Title","Description","Keywords","Reward","CreationTime","MaxAssignments","RequesterAnnotation","AssignmentDurationInSeconds","AutoApprovalDelayInSeconds","Expiration","NumberOfSimilarHITs","LifetimeInSeconds","AssignmentId","WorkerId","AssignmentStatus","AcceptTime","SubmitTime","AutoApprovalTime","ApprovalTime","RejectionTime","RequesterFeedback","WorkTimeInSeconds","LifetimeApprovalRate","Last30DaysApprovalRate","Last7DaysApprovalRate","Input.process_id","Input.process_name","Input.step_1","Input.step_10","Input.step_2","Input.step_3","Input.step_4","Input.step_5","Input.step_6","Input.step_7","Input.step_8","Input.step_9","Answer.10_0_missing","Answer.10_0_missing_position.label","Answer.10_10_missing","Answer.10_10_missing_position.label","Answer.10_11_missing","Answer.10_11_missing_position.label","Answer.10_12_missing","Answer.10_12_missing_position.label","Answer.10_13_missing","Answer.10_13_missing_position.label","Answer.10_14_missing","Answer.10_14_missing_position.label","Answer.10_1_missing","Answer.10_1_missing_position.label","Answer.10_2_missing","Answer.10_2_missing_position.label","Answer.10_3_missing","Answer.10_3_missing_position.label","Answer.10_4_missing","Answer.10_4_missing_position.label","Answer.10_5_missing","Answer.10_5_missing_position.label","Answer.10_6_missing","Answer.10_6_missing_position.label","Answer.10_7_missing","Answer.10_7_missing_position.label","Answer.10_8_missing","Answer.10_8_missing_position.label","Answer.10_9_missing","Answer.10_9_missing_position.label","Approve","Reject"
"3I7SHAD35NYO8G318YPB4MHQY2Y7MX","3QH037L2CN8MML4WDVCY8REXC5JAWN","Provide the optional step for completing a process","You will be asked to provide a missing optional step of completing a process","commonsense, event","$0.03","Mon Aug 16 00:14:54 PDT 2021","5","BatchId:4531901;OriginalHitTemplateId:920937340;","3600","259200","Mon Aug 23 00:14:54 PDT 2021","","","3B4YI393VAYGCTYS60O9068GLR1SSM","A1JIYVK0WFBIJU","Submitted","Mon Aug 16 00:52:48 PDT 2021","Mon Aug 16 01:43:07 PDT 2021","Thu Aug 19 01:43:07 PDT 2021","","","","3019","0% (0/0)","0% (0/0)","0% (0/0)","10_0","Cook Freekeh - Freekeh Pilaf","Sauté the onions","Serve with yogurt and pine nuts","Soak the freekeh in cold water","Drain the freekeh","Add the freekeh and spices to the onion"," Add the stock, salt, and pepper","Simmer for 15 minutes","Let stand"," Mix the yogurt, lemon juice, and garlic","Stir the herbs into the pilaf","NO","Between Step 5 and Step 6","","","","","","","","","","","","","","","","","","","","","","","","","","","",""
"3I7SHAD35NYO8G318YPB4MHQY2Y7MX","3QH037L2CN8MML4WDVCY8REXC5JAWN","Provide the optional step for completing a process","You will be asked to provide a missing optional step of completing a process","commonsense, event","$0.03","Mon Aug 16 00:14:54 PDT 2021","5","BatchId:4531901;OriginalHitTemplateId:920937340;","3600","259200","Mon Aug 23 00:14:54 PDT 2021","","","3FIUS151DW4AWJGAG00BME6A95JGGC","A1Y61KE0P56FQR","Submitted","Mon Aug 16 01:13:49 PDT 2021","Mon Aug 16 01:24:33 PDT 2021","Thu Aug 19 01:24:33 PDT 2021","","","","644","100% (98/98)","100% (98/98)","100% (46/46)","10_0","Cook Freekeh - Freekeh Pilaf","Sauté the onions","Serve with yogurt and pine nuts","Soak the freekeh in cold water","Drain the freekeh","Add the freekeh and spices to the onion"," Add the stock, salt, and pepper","Simmer for 15 minutes","Let stand"," Mix the yogurt, lemon juice, and garlic","Stir the herbs into the pilaf","no","Between Step 3 and Step 4","","","","","","","","","","","","","","","","","","","","","","","","","","","",""
"3I7SHAD35NYO8G318YPB4MHQY2Y7MX","3QH037L2CN8MML4WDVCY8REXC5JAWN","Provide the optional step for completing a process","You will be asked to provide a missing optional step of completing a process","commonsense, event","$0.03","Mon Aug 16 00:14:54 PDT 2021","5","BatchId:4531901;OriginalHitTemplateId:920937340;","3600","259200","Mon Aug 23 00:14:54 PDT 2021","","","3M81GAB8A1L5IR2D3AD9FHJFZFUBQF","A1Y9ZRLSVHCZCD","Submitted","Mon Aug 16 00:50:44 PDT 2021","Mon Aug 16 00:57:33 PDT 2021","Thu Aug 19 00:57:33 PDT 2021","","","","409","100% (101/101)","100% (101/101)","100% (62/62)","10_0","Cook Freekeh - Freekeh Pilaf","Sauté the onions","Serve with yogurt and pine nuts","Soak the freekeh in cold water","Drain the freekeh","Add the freekeh and spices to the onion"," Add the stock, salt, and pepper","Simmer for 15 minutes","Let stand"," Mix the yogurt, lemon juice, and garlic","Stir the herbs into the pilaf","NO","Between Step 6 and Step 7","","","","","","","","","","","","","","","","","","","","","","","","","","","",""
"3I7SHAD35NYO8G318YPB4MHQY2Y7MX","3QH037L2CN8MML4WDVCY8REXC5JAWN","Provide the optional step for completing a process","You will be asked to provide a missing optional step of completing a process","commonsense, event","$0.03","Mon Aug 16 00:14:54 PDT 2021","5","BatchId:4531901;OriginalHitTemplateId:920937340;","3600","259200","Mon Aug 23 00:14:54 PDT 2021","","","3Q5ZZ9ZEVPHXN7L8G65WQ4YNVDL85Z","A2T69U2VBQLW3Y","Submitted","Mon Aug 16 00:46:49 PDT 2021","Mon Aug 16 00:54:12 PDT 2021","Thu Aug 19 00:54:12 PDT 2021","","","","443","100% (92/92)","100% (92/92)","100% (46/46)","10_0","Cook Freekeh - Freekeh Pilaf","Sauté the onions","Serve with yogurt and pine nuts","Soak the freekeh in cold water","Drain the freekeh","Add the freekeh and spices to the onion"," Add the stock, salt, and pepper","Simmer for 15 minutes","Let stand"," Mix the yogurt, lemon juice, and garlic","Stir the herbs into the pilaf","NO","Between Step 6 and Step 7","","","","","","","","","","","","","","","","","","","","","","","","","","","",""
"3I7SHAD35NYO8G318YPB4MHQY2Y7MX","3QH037L2CN8MML4WDVCY8REXC5JAWN","Provide the optional step for completing a process","You will be asked to provide a missing optional step of completing a process","commonsense, event","$0.03","Mon Aug 16 00:14:54 PDT 2021","5","BatchId:4531901;OriginalHitTemplateId:920937340;","3600","259200","Mon Aug 23 00:14:54 PDT 2021","","","3G2UL9A02EGP6XG3BKNV4AGSGPY670","AUGB87RX972IH","Submitted","Mon Aug 16 01:15:51 PDT 2021","Mon Aug 16 01:27:02 PDT 2021","Thu Aug 19 01:27:02 PDT 2021","","","","671","100% (81/81)","100% (78/78)","100% (49/49)","10_0","Cook Freekeh - Freekeh Pilaf","Sauté the onions","Serve with yogurt and pine nuts","Soak the freekeh in cold water","Drain the freekeh","Add the freekeh and spices to the onion"," Add the stock, salt, and pepper","Simmer for 15 minutes","Let stand"," Mix the yogurt, lemon juice, and garlic","Stir the herbs into the pilaf","no","Between Step 3 and Step 4","","","","","","","","","","","","","","","","","","","","","","","","","","","",""
"3PUV2Q8SV5686Y0E8M2OQYGS8EXDB7","3QH037L2CN8MML4WDVCY8REXC5JAWN","Provide the optional step for completing a process","You will be asked to provide a missing optional step of completing a process","commonsense, event","$0.03","Mon Aug 16 00:14:54 PDT 2021","5","BatchId:4531901;OriginalHitTemplateId:920937340;","3600","259200","Mon Aug 23 00:14:54 PDT 2021","","","31JLPPHS2VWXUKLK946Z8TQ3WNAO36","A1Y61KE0P56FQR","Submitted","Mon Aug 16 02:32:15 PDT 2021","Mon Aug 16 02:38:09 PDT 2021","Thu Aug 19 02:38:09 PDT 2021","","","","354","100% (98/98)","100% (98/98)","100% (46/46)","10_1","Change Your General Preferences on Safari - iOS","Tap the Settings app on your device"," Tap ""Clear History and Website Data"" to delete your browsing data"," Scroll down and tap ""Safari",""" Tap ""Search Engine"" to change your default search engine"," Tap ""Passwords"" to view your stored passwords"," Use the ""AutoFill"" menu to set your AutoFill settings"," Switch your Favorites folder with the ""Favorites"" option"," Choose how links are opened with ""Open Links",""" Turn on the pop-up blocker to prevent pop-ups"," Enable ""Do Not Track"" to help prevent websites from tracking your browsing","","","","","","","","","","","","","no","Between Step 2 and Step 3","","","","","","","","","","","","","","","",""
"3PUV2Q8SV5686Y0E8M2OQYGS8EXDB7","3QH037L2CN8MML4WDVCY8REXC5JAWN","Provide the optional step for completing a process","You will be asked to provide a missing optional step of completing a process","commonsense, event","$0.03","Mon Aug 16 00:14:54 PDT 2021","5","BatchId:4531901;OriginalHitTemplateId:920937340;","3600","259200","Mon Aug 23 00:14:54 PDT 2021","","","3SKRO2GZ72TIUQMQO80NDJUXEXG1KZ","A1Y9ZRLSVHCZCD","Submitted","Mon Aug 16 01:08:37 PDT 2021","Mon Aug 16 01:16:32 PDT 2021","Thu Aug 19 01:16:32 PDT 2021","","","","475","100% (101/101)","100% (101/101)","100% (62/62)","10_1","Change Your General Preferences on Safari - iOS","Tap the Settings app on your device"," Tap ""Clear History and Website Data"" to delete your browsing data"," Scroll down and tap ""Safari",""" Tap ""Search Engine"" to change your default search engine"," Tap ""Passwords"" to view your stored passwords"," Use the ""AutoFill"" menu to set your AutoFill settings"," Switch your Favorites folder with the ""Favorites"" option"," Choose how links are opened with ""Open Links",""" Turn on the pop-up blocker to prevent pop-ups"," Enable ""Do Not Track"" to help prevent websites from tracking your browsing","","","","","","","","","","","","","NO","Between Step 4 and Step 5","","","","","","","","","","","","","","","",""
"3PUV2Q8SV5686Y0E8M2OQYGS8EXDB7","3QH037L2CN8MML4WDVCY8REXC5JAWN","Provide the optional step for completing a process","You will be asked to provide a missing optional step of completing a process","commonsense, event","$0.03","Mon Aug 16 00:14:54 PDT 2021","5","BatchId:4531901;OriginalHitTemplateId:920937340;","3600","259200","Mon Aug 23 00:14:54 PDT 2021","","","3JAOYWH7VJ6B3173DLRH7PPV1959LF","A2IVIAT2FWPQHM","Submitted","Mon Aug 16 00:54:26 PDT 2021","Mon Aug 16 01:21:44 PDT 2021","Thu Aug 19 01:21:44 PDT 2021","","","","1638","100% (66/66)","100% (63/63)","100% (44/44)","10_1","Change Your General Preferences on Safari - iOS","Tap the Settings app on your device"," Tap ""Clear History and Website Data"" to delete your browsing data"," Scroll down and tap ""Safari",""" Tap ""Search Engine"" to change your default search engine"," Tap ""Passwords"" to view your stored passwords"," Use the ""AutoFill"" menu to set your AutoFill settings"," Switch your Favorites folder with the ""Favorites"" option"," Choose how links are opened with ""Open Links",""" Turn on the pop-up blocker to prevent pop-ups"," Enable ""Do Not Track"" to help prevent websites from tracking your browsing","","","","","","","","","","","","","no","Between Step 4 and Step 5","","","","","","","","","","","","","","","",""
"3PUV2Q8SV5686Y0E8M2OQYGS8EXDB7","3QH037L2CN8MML4WDVCY8REXC5JAWN","Provide the optional step for completing a process","You will be asked to provide a missing optional step of completing a process","commonsense, event","$0.03","Mon Aug 16 00:14:54 PDT 2021","5","BatchId:4531901;OriginalHitTemplateId:920937340;","3600","259200","Mon Aug 23 00:14:54 PDT 2021","","","3IX2EGZR7CLBCBFP4HFQIVCX37CJRI","ABPVF7XEC88WF","Submitted","Mon Aug 16 01:20:37 PDT 2021","Mon Aug 16 01:25:40 PDT 2021","Thu Aug 19 01:25:40 PDT 2021","","","","303","100% (46/46)","100% (46/46)","100% (14/14)","10_1","Change Your General Preferences on Safari - iOS","Tap the Settings app on your device"," Tap ""Clear History and Website Data"" to delete your browsing data"," Scroll down and tap ""Safari",""" Tap ""Search Engine"" to change your default search engine"," Tap ""Passwords"" to view your stored passwords"," Use the ""AutoFill"" menu to set your AutoFill settings"," Switch your Favorites folder with the ""Favorites"" option"," Choose how links are opened with ""Open Links",""" Turn on the pop-up blocker to prevent pop-ups"," Enable ""Do Not Track"" to help prevent websites from tracking your browsing","","","","","","","","","","","","","NO","N/A","","","","","","","","","","","","","","","",""
"3PUV2Q8SV5686Y0E8M2OQYGS8EXDB7","3QH037L2CN8MML4WDVCY8REXC5JAWN","Provide the optional step for completing a process","You will be asked to provide a missing optional step of completing a process","commonsense, event","$0.03","Mon Aug 16 00:14:54 PDT 2021","5","BatchId:4531901;OriginalHitTemplateId:920937340;","3600","259200","Mon Aug 23 00:14:54 PDT 2021","","","3O7L7BFSHFRQ8WQE0TAQ7NYEB2PEIE","AUGB87RX972IH","Submitted","Mon Aug 16 00:47:11 PDT 2021","Mon Aug 16 00:57:14 PDT 2021","Thu Aug 19 00:57:14 PDT 2021","","","","603","100% (81/81)","100% (78/78)","100% (49/49)","10_1","Change Your General Preferences on Safari - iOS","Tap the Settings app on your device"," Tap ""Clear History and Website Data"" to delete your browsing data"," Scroll down and tap ""Safari",""" Tap ""Search Engine"" to change your default search engine"," Tap ""Passwords"" to view your stored passwords"," Use the ""AutoFill"" menu to set your AutoFill settings"," Switch your Favorites folder with the ""Favorites"" option"," Choose how links are opened with ""Open Links",""" Turn on the pop-up blocker to prevent pop-ups"," Enable ""Do Not Track"" to help prevent websites from tracking your browsing","","","","","","","","","","","","","NO","Between Step 2 and Step 3","","","","","","","","","","","","","","","",""
"3ZXNP4Z39SN42YLG8MOW4921YX87LV","3QH037L2CN8MML4WDVCY8REXC5JAWN","Provide the optional step for completing a process","You will be asked to provide a missing optional step of completing a process","commonsense, event","$0.03","Mon Aug 16 00:14:54 PDT 2021","5","BatchId:4531901;OriginalHitTemplateId:920937340;","3600","259200","Mon Aug 23 00:14:54 PDT 2021","","","3TU5ZICBRE3MGT460YTZOFTER99Q8V","A1JIYVK0WFBIJU","Submitted","Mon Aug 16 00:52:36 PDT 2021","Mon Aug 16 01:41:04 PDT 2021","Thu Aug 19 01:41:04 PDT 2021","","","","2908","0% (0/0)","0% (0/0)","0% (0/0)","10_2","Use Your Android As Your Workout Trainer - Using My Coach - Workout Trainer","Launch My Coach","Select another workout","Set the workout time","Log in","Add a workout","Go back to the dashboard","View the workouts","Start a workout","Take a rest","Continue the workout","","","","","","","","","","","","","","","NO","Between Step 5 and Step 6","","","","","","","","","","","","","",""
"3ZXNP4Z39SN42YLG8MOW4921YX87LV","3QH037L2CN8MML4WDVCY8REXC5JAWN","Provide the optional step for completing a process","You will be asked to provide a missing optional step of completing a process","commonsense, event","$0.03","Mon Aug 16 00:14:54 PDT 2021","5","BatchId:4531901;OriginalHitTemplateId:920937340;","3600","259200","Mon Aug 23 00:14:54 PDT 2021","","","3X87C8JFV7D4ZDJFEWZ456TF34NQS4","A1Y9ZRLSVHCZCD","Submitted","Mon Aug 16 01:19:42 PDT 2021","Mon Aug 16 01:32:07 PDT 2021","Thu Aug 19 01:32:07 PDT 2021","","","","745","100% (101/101)","100% (101/101)","100% (62/62)","10_2","Use Your Android As Your Workout Trainer - Using My Coach - Workout Trainer","Launch My Coach","Select another workout","Set the workout time","Log in","Add a workout","Go back to the dashboard","View the workouts","Start a workout","Take a rest","Continue the workout","","","","","","","","","","","","","","","NO","Between Step 4 and Step 5","","","","","","","","","","","","","",""
"3ZXNP4Z39SN42YLG8MOW4921YX87LV","3QH037L2CN8MML4WDVCY8REXC5JAWN","Provide the optional step for completing a process","You will be asked to provide a missing optional step of completing a process","commonsense, event","$0.03","Mon Aug 16 00:14:54 PDT 2021","5","BatchId:4531901;OriginalHitTemplateId:920937340;","3600","259200","Mon Aug 23 00:14:54 PDT 2021","","","3L4PIM1GQUI170AOQHGTSIRLGAEYRI","AJC2C0HUFP7J4","Submitted","Mon Aug 16 00:54:01 PDT 2021","Mon Aug 16 01:07:00 PDT 2021","Thu Aug 19 01:07:00 PDT 2021","","","","779","100% (63/63)","100% (63/63)","100% (43/43)","10_2","Use Your Android As Your Workout Trainer - Using My Coach - Workout Trainer","Launch My Coach","Select another workout","Set the workout time","Log in","Add a workout","Go back to the dashboard","View the workouts","Start a workout","Take a rest","Continue the workout","","","","","","","","","","","","","","","no","Between Step 4 and Step 5","","","","","","","","","","","","","",""
"3ZXNP4Z39SN42YLG8MOW4921YX87LV","3QH037L2CN8MML4WDVCY8REXC5JAWN","Provide the optional step for completing a process","You will be asked to provide a missing optional step of completing a process","commonsense, event","$0.03","Mon Aug 16 00:14:54 PDT 2021","5","BatchId:4531901;OriginalHitTemplateId:920937340;","3600","259200","Mon Aug 23 00:14:54 PDT 2021","","","3PJ71Z61R54YDU3ZKB9YNAGH334195","AK3KLLEOPQWDU","Submitted","Mon Aug 16 01:07:45 PDT 2021","Mon Aug 16 01:25:47 PDT 2021","Thu Aug 19 01:25:47 PDT 2021","","","","1082","100% (104/104)","100% (104/104)","100% (55/55)","10_2","Use Your Android As Your Workout Trainer - Using My Coach - Workout Trainer","Launch My Coach","Select another workout","Set the workout time","Log in","Add a workout","Go back to the dashboard","View the workouts","Start a workout","Take a rest","Continue the workout","","","","","","","","","","","","","","","no","Between Step 6 and Step 7","","","","","","","","","","","","","",""
"3ZXNP4Z39SN42YLG8MOW4921YX87LV","3QH037L2CN8MML4WDVCY8REXC5JAWN","Provide the optional step for completing a process","You will be asked to provide a missing optional step of completing a process","commonsense, event","$0.03","Mon Aug 16 00:14:54 PDT 2021","5","BatchId:4531901;OriginalHitTemplateId:920937340;","3600","259200","Mon Aug 23 00:14:54 PDT 2021","","","354P56DE9L5UTVE0IXQY5FCKYDTS74","AUGB87RX972IH","Submitted","Mon Aug 16 01:10:17 PDT 2021","Mon Aug 16 01:17:24 PDT 2021","Thu Aug 19 01:17:24 PDT 2021","","","","427","100% (81/81)","100% (78/78)","100% (49/49)","10_2","Use Your Android As Your Workout Trainer - Using My Coach - Workout Trainer","Launch My Coach","Select another workout","Set the workout time","Log in","Add a workout","Go back to the dashboard","View the workouts","Start a workout","Take a rest","Continue the workout","","","","","","","","","","","","","","","no","Between Step 2 and Step 3","","","","","","","","","","","","","",""
"3WJGKMRWVJBRG3SKMMYJ1IMAQZXDCE","3QH037L2CN8MML4WDVCY8REXC5JAWN","Provide the optional step for completing a process","You will be asked to provide a missing optional step of completing a process","commonsense, event","$0.03","Mon Aug 16 00:14:54 PDT 2021","5","BatchId:4531901;OriginalHitTemplateId:920937340;","3600","259200","Mon Aug 23 00:14:54 PDT 2021","","","3HMVI3QICKUDEVB7SN1EMR98CDRY1V","A2T69U2VBQLW3Y","Submitted","Mon Aug 16 01:19:32 PDT 2021","Mon Aug 16 01:31:56 PDT 2021","Thu Aug 19 01:31:56 PDT 2021","","","","744","100% (92/92)","100% (92/92)","100% (46/46)","10_3","Make German Chocolate Caramel Brownies","Combine the light caramels and the first 1/3 cup of evaporated milk in a saucepan","Remove from the oven and leave to cool","Remove from heat and set aside","Preheat the oven to 350ºF/180ºC"," Mix the German chocolate cake mix, butter, second 1/3 cup of evaporated milk, chopped nuts in a large bowl, by hand","Press half of the batter into the pan","Place in the oven and bake for 8-9 minutes","Drizzle the melted caramel over the top of the semi-cooked cake half and sprinkle over the chocolate chips","Drop small spoonfuls of the remaining half of the batter over the top of the semi-cooked half","Bake at 350ºF/180ºC for 15 to 18 minutes","","","","","","","","","","","","","","","","","NO","Between Step 4 and Step 5","","","","","","","","","","","",""
"3WJGKMRWVJBRG3SKMMYJ1IMAQZXDCE","3QH037L2CN8MML4WDVCY8REXC5JAWN","Provide the optional step for completing a process","You will be asked to provide a missing optional step of completing a process","commonsense, event","$0.03","Mon Aug 16 00:14:54 PDT 2021","5","BatchId:4531901;OriginalHitTemplateId:920937340;","3600","259200","Mon Aug 23 00:14:54 PDT 2021","","","3SBEHTYCWO5OE1750UMKEQQUTE1IY4","A3QQ01RXI1U44L","Submitted","Mon Aug 16 01:15:02 PDT 2021","Mon Aug 16 01:28:22 PDT 2021","Thu Aug 19 01:28:22 PDT 2021","","","","800","0% (0/0)","0% (0/0)","0% (0/0)","10_3","Make German Chocolate Caramel Brownies","Combine the light caramels and the first 1/3 cup of evaporated milk in a saucepan","Remove from the oven and leave to cool","Remove from heat and set aside","Preheat the oven to 350ºF/180ºC"," Mix the German chocolate cake mix, butter, second 1/3 cup of evaporated milk, chopped nuts in a large bowl, by hand","Press half of the batter into the pan","Place in the oven and bake for 8-9 minutes","Drizzle the melted caramel over the top of the semi-cooked cake half and sprinkle over the chocolate chips","Drop small spoonfuls of the remaining half of the batter over the top of the semi-cooked half","Bake at 350ºF/180ºC for 15 to 18 minutes","","","","","","","","","","","","","","","","","NO","Between Step 3 and Step 4","","","","","","","","","","","",""
"3WJGKMRWVJBRG3SKMMYJ1IMAQZXDCE","3QH037L2CN8MML4WDVCY8REXC5JAWN","Provide the optional step for completing a process","You will be asked to provide a missing optional step of completing a process","commonsense, event","$0.03","Mon Aug 16 00:14:54 PDT 2021","5","BatchId:4531901;OriginalHitTemplateId:920937340;","3600","259200","Mon Aug 23 00:14:54 PDT 2021","","","3FTOP5WARGQNCHVQA4WBYZBAUHFJ0M","ABPVF7XEC88WF","Submitted","Mon Aug 16 01:28:52 PDT 2021","Mon Aug 16 01:37:21 PDT 2021","Thu Aug 19 01:37:21 PDT 2021","","","","509","100% (46/46)","100% (46/46)","100% (14/14)","10_3","Make German Chocolate Caramel Brownies","Combine the light caramels and the first 1/3 cup of evaporated milk in a saucepan","Remove from the oven and leave to cool","Remove from heat and set aside","Preheat the oven to 350ºF/180ºC"," Mix the German chocolate cake mix, butter, second 1/3 cup of evaporated milk, chopped nuts in a large bowl, by hand","Press half of the batter into the pan","Place in the oven and bake for 8-9 minutes","Drizzle the melted caramel over the top of the semi-cooked cake half and sprinkle over the chocolate chips","Drop small spoonfuls of the remaining half of the batter over the top of the semi-cooked half","Bake at 350ºF/180ºC for 15 to 18 minutes","","","","","","","","","","","","","","","","","NO","N/A","","","","","","","","","","","",""
"3WJGKMRWVJBRG3SKMMYJ1IMAQZXDCE","3QH037L2CN8MML4WDVCY8REXC5JAWN","Provide the optional step for completing a process","You will be asked to provide a missing optional step of completing a process","commonsense, event","$0.03","Mon Aug 16 00:14:54 PDT 2021","5","BatchId:4531901;OriginalHitTemplateId:920937340;","3600","259200","Mon Aug 23 00:14:54 PDT 2021","","","3ZGVPD4G6UJES5XLQSN76415APFTZH","AG2C989C328ZF","Submitted","Mon Aug 16 00:54:19 PDT 2021","Mon Aug 16 00:57:09 PDT 2021","Thu Aug 19 00:57:09 PDT 2021","","","","170","0% (0/0)","0% (0/0)","0% (0/0)","10_3","Make German Chocolate Caramel Brownies","Combine the light caramels and the first 1/3 cup of evaporated milk in a saucepan","Remove from the oven and leave to cool","Remove from heat and set aside","Preheat the oven to 350ºF/180ºC"," Mix the German chocolate cake mix, butter, second 1/3 cup of evaporated milk, chopped nuts in a large bowl, by hand","Press half of the batter into the pan","Place in the oven and bake for 8-9 minutes","Drizzle the melted caramel over the top of the semi-cooked cake half and sprinkle over the chocolate chips","Drop small spoonfuls of the remaining half of the batter over the top of the semi-cooked half","Bake at 350ºF/180ºC for 15 to 18 minutes","","","","","","","","","","","","","","","","","no","Between Step 4 and Step 5","","","","","","","","","","","",""
"3WJGKMRWVJBRG3SKMMYJ1IMAQZXDCE","3QH037L2CN8MML4WDVCY8REXC5JAWN","Provide the optional step for completing a process","You will be asked to provide a missing optional step of completing a process","commonsense, event","$0.03","Mon Aug 16 00:14:54 PDT 2021","5","BatchId:4531901;OriginalHitTemplateId:920937340;","3600","259200","Mon Aug 23 00:14:54 PDT 2021","","","3WZ36BJEV4IIA7U5KE74KMU2JMVTBD","AK3KLLEOPQWDU","Submitted","Mon Aug 16 01:00:14 PDT 2021","Mon Aug 16 01:15:22 PDT 2021","Thu Aug 19 01:15:22 PDT 2021","","","","908","100% (104/104)","100% (104/104)","100% (55/55)","10_3","Make German Chocolate Caramel Brownies","Combine the light caramels and the first 1/3 cup of evaporated milk in a saucepan","Remove from the oven and leave to cool","Remove from heat and set aside","Preheat the oven to 350ºF/180ºC"," Mix the German chocolate cake mix, butter, second 1/3 cup of evaporated milk, chopped nuts in a large bowl, by hand","Press half of the batter into the pan","Place in the oven and bake for 8-9 minutes","Drizzle the melted caramel over the top of the semi-cooked cake half and sprinkle over the chocolate chips","Drop small spoonfuls of the remaining half of the batter over the top of the semi-cooked half","Bake at 350ºF/180ºC for 15 to 18 minutes","","","","","","","","","","","","","","","","","no","Between Step 6 and Step 7","","","","","","","","","","","",""
"3TD33TP5DM4A8RX2OCBM0X8MNB0AB2","3QH037L2CN8MML4WDVCY8REXC5JAWN","Provide the optional step for completing a process","You will be asked to provide a missing optional step of completing a process","commonsense, event","$0.03","Mon Aug 16 00:14:54 PDT 2021","5","BatchId:4531901;OriginalHitTemplateId:920937340;","3600","259200","Mon Aug 23 00:14:54 PDT 2021","","","3U8YCDAGXQI4Y4Z35UGKV0NW8C4Q0H","A1Y61KE0P56FQR","Submitted","Mon Aug 16 01:19:03 PDT 2021","Mon Aug 16 01:32:25 PDT 2021","Thu Aug 19 01:32:25 PDT 2021","","","","802","100% (98/98)","100% (98/98)","100% (46/46)","10_4","Make a Vacuum Chamber - Making a Lid for a Cooking Pot Pressure Cooker","Find or buy a pressure cooker pot","Roll the proto putty into a thick rope that will fit around the rim of the pot","Trace the top of the pot on a piece of a crystal clear acrylic sheet"," Mark another, larger circle around the one you just made","Cut the circle out with a jigsaw","Drill a pilot hole in the circle with a ⁄16 in (1","1 cm) drill bit","Use pliers to screw in a ⁄4 inch (0","64 cm) NPT tap","Make a batch of proto putty from silicone and cornstarch","","","","","","","","","","","","","","","","","","","no","Between Step 7 and Step 8","","","","","","","","","",""
"3TD33TP5DM4A8RX2OCBM0X8MNB0AB2","3QH037L2CN8MML4WDVCY8REXC5JAWN","Provide the optional step for completing a process","You will be asked to provide a missing optional step of completing a process","commonsense, event","$0.03","Mon Aug 16 00:14:54 PDT 2021","5","BatchId:4531901;OriginalHitTemplateId:920937340;","3600","259200","Mon Aug 23 00:14:54 PDT 2021","","","3IO1LGZLKAZT6BLMLPF1IACNR8Z68G","A2T69U2VBQLW3Y","Submitted","Mon Aug 16 00:57:53 PDT 2021","Mon Aug 16 01:05:16 PDT 2021","Thu Aug 19 01:05:16 PDT 2021","","","","443","100% (92/92)","100% (92/92)","100% (46/46)","10_4","Make a Vacuum Chamber - Making a Lid for a Cooking Pot Pressure Cooker","Find or buy a pressure cooker pot","Roll the proto putty into a thick rope that will fit around the rim of the pot","Trace the top of the pot on a piece of a crystal clear acrylic sheet"," Mark another, larger circle around the one you just made","Cut the circle out with a jigsaw","Drill a pilot hole in the circle with a ⁄16 in (1","1 cm) drill bit","Use pliers to screw in a ⁄4 inch (0","64 cm) NPT tap","Make a batch of proto putty from silicone and cornstarch","","","","","","","","","","","","","","","","","","","NO","Between Step 6 and Step 7","","","","","","","","","",""
"3TD33TP5DM4A8RX2OCBM0X8MNB0AB2","3QH037L2CN8MML4WDVCY8REXC5JAWN","Provide the optional step for completing a process","You will be asked to provide a missing optional step of completing a process","commonsense, event","$0.03","Mon Aug 16 00:14:54 PDT 2021","5","BatchId:4531901;OriginalHitTemplateId:920937340;","3600","259200","Mon Aug 23 00:14:54 PDT 2021","","","3TXD01ZLD5JDPLOL54NRH4AYS9RU47","A2ZJAQE1IFJRZF","Submitted","Mon Aug 16 01:24:54 PDT 2021","Mon Aug 16 01:26:39 PDT 2021","Thu Aug 19 01:26:39 PDT 2021","","","","105","100% (40/40)","100% (40/40)","0% (0/0)","10_4","Make a Vacuum Chamber - Making a Lid for a Cooking Pot Pressure Cooker","Find or buy a pressure cooker pot","Roll the proto putty into a thick rope that will fit around the rim of the pot","Trace the top of the pot on a piece of a crystal clear acrylic sheet"," Mark another, larger circle around the one you just made","Cut the circle out with a jigsaw","Drill a pilot hole in the circle with a ⁄16 in (1","1 cm) drill bit","Use pliers to screw in a ⁄4 inch (0","64 cm) NPT tap","Make a batch of proto putty from silicone and cornstarch","","","","","","","","","","","","","","","","","","","NO","N/A","","","","","","","","","",""
"3TD33TP5DM4A8RX2OCBM0X8MNB0AB2","3QH037L2CN8MML4WDVCY8REXC5JAWN","Provide the optional step for completing a process","You will be asked to provide a missing optional step of completing a process","commonsense, event","$0.03","Mon Aug 16 00:14:54 PDT 2021","5","BatchId:4531901;OriginalHitTemplateId:920937340;","3600","259200","Mon Aug 23 00:14:54 PDT 2021","","","3GD6L00D3TZDKEMT9KD3SWM133DM1T","AJC2C0HUFP7J4","Submitted","Mon Aug 16 01:20:25 PDT 2021","Mon Aug 16 01:32:50 PDT 2021","Thu Aug 19 01:32:50 PDT 2021","","","","745","100% (63/63)","100% (63/63)","100% (43/43)","10_4","Make a Vacuum Chamber - Making a Lid for a Cooking Pot Pressure Cooker","Find or buy a pressure cooker pot","Roll the proto putty into a thick rope that will fit around the rim of the pot","Trace the top of the pot on a piece of a crystal clear acrylic sheet"," Mark another, larger circle around the one you just made","Cut the circle out with a jigsaw","Drill a pilot hole in the circle with a ⁄16 in (1","1 cm) drill bit","Use pliers to screw in a ⁄4 inch (0","64 cm) NPT tap","Make a batch of proto putty from silicone and cornstarch","","","","","","","","","","","","","","","","","","","no","Between Step 3 and Step 4","","","","","","","","","",""
"3TD33TP5DM4A8RX2OCBM0X8MNB0AB2","3QH037L2CN8MML4WDVCY8REXC5JAWN","Provide the optional step for completing a process","You will be asked to provide a missing optional step of completing a process","commonsense, event","$0.03","Mon Aug 16 00:14:54 PDT 2021","5","BatchId:4531901;OriginalHitTemplateId:920937340;","3600","259200","Mon Aug 23 00:14:54 PDT 2021","","","32N49TQG3HKS4PT2JV7NQTYHYPPVAZ","AUGB87RX972IH","Submitted","Mon Aug 16 00:56:12 PDT 2021","Mon Aug 16 01:08:38 PDT 2021","Thu Aug 19 01:08:38 PDT 2021","","","","746","100% (81/81)","100% (78/78)","100% (49/49)","10_4","Make a Vacuum Chamber - Making a Lid for a Cooking Pot Pressure Cooker","Find or buy a pressure cooker pot","Roll the proto putty into a thick rope that will fit around the rim of the pot","Trace the top of the pot on a piece of a crystal clear acrylic sheet"," Mark another, larger circle around the one you just made","Cut the circle out with a jigsaw","Drill a pilot hole in the circle with a ⁄16 in (1","1 cm) drill bit","Use pliers to screw in a ⁄4 inch (0","64 cm) NPT tap","Make a batch of proto putty from silicone and cornstarch","","","","","","","","","","","","","","","","","","","no","Between Step 4 and Step 5","","","","","","","","","",""
"3PA41K45VO6UTJ0E0EH3LQBL379P7B","3QH037L2CN8MML4WDVCY8REXC5JAWN","Provide the optional step for completing a process","You will be asked to provide a missing optional step of completing a process","commonsense, event","$0.03","Mon Aug 16 00:14:54 PDT 2021","5","BatchId:4531901;OriginalHitTemplateId:920937340;","3600","259200","Mon Aug 23 00:14:54 PDT 2021","","","3PWWM24LHT05OA2LYN3YSXVBB3W820","A1JIYVK0WFBIJU","Submitted","Mon Aug 16 00:53:03 PDT 2021","Mon Aug 16 01:45:29 PDT 2021","Thu Aug 19 01:45:29 PDT 2021","","","","3146","0% (0/0)","0% (0/0)","0% (0/0)","10_5","Make a Vanilla Cake - Basic Vanilla Cake","Prepare to make the cake","Enjoy!","Sift the dry ingredients except the sugar"," Add the butter, one teaspoon at a time","Add the sugar and eggs","Pour the vanilla extract and milk","Pour the cake batter in a cake pan","Bake the cake","Let the cake cool","Frost the cake","","","","","","","","","","","","","","","","","","","","","NO","Between Step 3 and Step 4","","","","","","","",""
"3PA41K45VO6UTJ0E0EH3LQBL379P7B","3QH037L2CN8MML4WDVCY8REXC5JAWN","Provide the optional step for completing a process","You will be asked to provide a missing optional step of completing a process","commonsense, event","$0.03","Mon Aug 16 00:14:54 PDT 2021","5","BatchId:4531901;OriginalHitTemplateId:920937340;","3600","259200","Mon Aug 23 00:14:54 PDT 2021","","","3180JW2OT5EM7OHR7A2NFU71BPR5JU","A1Y9ZRLSVHCZCD","Submitted","Mon Aug 16 01:30:33 PDT 2021","Mon Aug 16 01:36:35 PDT 2021","Thu Aug 19 01:36:35 PDT 2021","","","","362","100% (101/101)","100% (101/101)","100% (62/62)","10_5","Make a Vanilla Cake - Basic Vanilla Cake","Prepare to make the cake","Enjoy!","Sift the dry ingredients except the sugar"," Add the butter, one teaspoon at a time","Add the sugar and eggs","Pour the vanilla extract and milk","Pour the cake batter in a cake pan","Bake the cake","Let the cake cool","Frost the cake","","","","","","","","","","","","","","","","","","","","","NO","Between Step 3 and Step 4","","","","","","","",""
"3PA41K45VO6UTJ0E0EH3LQBL379P7B","3QH037L2CN8MML4WDVCY8REXC5JAWN","Provide the optional step for completing a process","You will be asked to provide a missing optional step of completing a process","commonsense, event","$0.03","Mon Aug 16 00:14:54 PDT 2021","5","BatchId:4531901;OriginalHitTemplateId:920937340;","3600","259200","Mon Aug 23 00:14:54 PDT 2021","","","3QXNC7EIPJXY65IHOS5Y95X7YBV907","A2T69U2VBQLW3Y","Submitted","Mon Aug 16 00:57:51 PDT 2021","Mon Aug 16 01:04:44 PDT 2021","Thu Aug 19 01:04:44 PDT 2021","","","","413","100% (92/92)","100% (92/92)","100% (46/46)","10_5","Make a Vanilla Cake - Basic Vanilla Cake","Prepare to make the cake","Enjoy!","Sift the dry ingredients except the sugar"," Add the butter, one teaspoon at a time","Add the sugar and eggs","Pour the vanilla extract and milk","Pour the cake batter in a cake pan","Bake the cake","Let the cake cool","Frost the cake","","","","","","","","","","","","","","","","","","","","","NO","Between Step 4 and Step 5","","","","","","","",""
"3PA41K45VO6UTJ0E0EH3LQBL379P7B","3QH037L2CN8MML4WDVCY8REXC5JAWN","Provide the optional step for completing a process","You will be asked to provide a missing optional step of completing a process","commonsense, event","$0.03","Mon Aug 16 00:14:54 PDT 2021","5","BatchId:4531901;OriginalHitTemplateId:920937340;","3600","259200","Mon Aug 23 00:14:54 PDT 2021","","","3LWJHTCVCDOVV8ET8CZ5Y7A0EDMFQ1","A3TW2D19QXDFBT","Submitted","Mon Aug 16 00:52:30 PDT 2021","Mon Aug 16 01:44:20 PDT 2021","Thu Aug 19 01:44:20 PDT 2021","","","","3110","0% (0/0)","0% (0/0)","0% (0/0)","10_5","Make a Vanilla Cake - Basic Vanilla Cake","Prepare to make the cake","Enjoy!","Sift the dry ingredients except the sugar"," Add the butter, one teaspoon at a time","Add the sugar and eggs","Pour the vanilla extract and milk","Pour the cake batter in a cake pan","Bake the cake","Let the cake cool","Frost the cake","","","","","","","","","","","","","","","","","","","","","no","Between Step 4 and Step 5","","","","","","","",""
"3PA41K45VO6UTJ0E0EH3LQBL379P7B","3QH037L2CN8MML4WDVCY8REXC5JAWN","Provide the optional step for completing a process","You will be asked to provide a missing optional step of completing a process","commonsense, event","$0.03","Mon Aug 16 00:14:54 PDT 2021","5","BatchId:4531901;OriginalHitTemplateId:920937340;","3600","259200","Mon Aug 23 00:14:54 PDT 2021","","","304SM51WA46HV7HQVE2EAHYGH4PBSG","APEB5ERGCYP6D","Submitted","Mon Aug 16 01:29:39 PDT 2021","Mon Aug 16 01:33:09 PDT 2021","Thu Aug 19 01:33:09 PDT 2021","","","","210","100% (132/132)","0% (0/0)","0% (0/0)","10_5","Make a Vanilla Cake - Basic Vanilla Cake","Prepare to make the cake","Enjoy!","Sift the dry ingredients except the sugar"," Add the butter, one teaspoon at a time","Add the sugar and eggs","Pour the vanilla extract and milk","Pour the cake batter in a cake pan","Bake the cake","Let the cake cool","Frost the cake","","","","","","","","","","","","","","","","","","","","","NO","N/A","","","","","","","",""
"3SCKNODZ0YIUQYO1KZ4BH16Q3S87NX","3QH037L2CN8MML4WDVCY8REXC5JAWN","Provide the optional step for completing a process","You will be asked to provide a missing optional step of completing a process","commonsense, event","$0.03","Mon Aug 16 00:14:54 PDT 2021","5","BatchId:4531901;OriginalHitTemplateId:920937340;","3600","259200","Mon Aug 23 00:14:54 PDT 2021","","","3SB4CE2TJWXK8EYXJA85EEV2E0WXA3","A1JIYVK0WFBIJU","Submitted","Mon Aug 16 00:52:50 PDT 2021","Mon Aug 16 01:43:32 PDT 2021","Thu Aug 19 01:43:32 PDT 2021","","","","3042","0% (0/0)","0% (0/0)","0% (0/0)","10_6","Make Angel's Delight","Take one angel food cake, and pull a large piece (about four inches wide) off","Finished"," Wash your hands, and then open the can of pineapples just enough to drain the juice into a bowl (you'll need it later)","Open the maraschino cherries and drain the juice into another bowl","Take a spoon and drizzle a goodly amount of the cherry and pineapple juices over the cake - about a third of the juice should suffice"," Use another spoon, spread Cool Whip over the fruit layer","Sprinkle a thin layer of shredded coconut on top of the cool whip"," Repeat the above steps with the remaining angel food cake, crushed pineapple, 12 more cherries, their respective juices, and cool whip"," Cover and let sit in the refrigerator overnight, to let the cake absorb the juice and settle","Keep chilled until ready to serve; dole it out with a large serving spoon or spatula","","","","","","","","","","","","","","","","","","","","","","","NO","Between Step 3 and Step 4","","","","","",""
"3SCKNODZ0YIUQYO1KZ4BH16Q3S87NX","3QH037L2CN8MML4WDVCY8REXC5JAWN","Provide the optional step for completing a process","You will be asked to provide a missing optional step of completing a process","commonsense, event","$0.03","Mon Aug 16 00:14:54 PDT 2021","5","BatchId:4531901;OriginalHitTemplateId:920937340;","3600","259200","Mon Aug 23 00:14:54 PDT 2021","","","3300DTYQT3J3PUEXD1FZGPP02CBQEY","A1XHDX8YAD8LG2","Submitted","Mon Aug 16 01:06:41 PDT 2021","Mon Aug 16 01:39:33 PDT 2021","Thu Aug 19 01:39:33 PDT 2021","","","","1972","0% (0/0)","0% (0/0)","0% (0/0)","10_6","Make Angel's Delight","Take one angel food cake, and pull a large piece (about four inches wide) off","Finished"," Wash your hands, and then open the can of pineapples just enough to drain the juice into a bowl (you'll need it later)","Open the maraschino cherries and drain the juice into another bowl","Take a spoon and drizzle a goodly amount of the cherry and pineapple juices over the cake - about a third of the juice should suffice"," Use another spoon, spread Cool Whip over the fruit layer","Sprinkle a thin layer of shredded coconut on top of the cool whip"," Repeat the above steps with the remaining angel food cake, crushed pineapple, 12 more cherries, their respective juices, and cool whip"," Cover and let sit in the refrigerator overnight, to let the cake absorb the juice and settle","Keep chilled until ready to serve; dole it out with a large serving spoon or spatula","","","","","","","","","","","","","","","","","","","","","","","no","Between Step 8 and Step 9","","","","","",""
"3SCKNODZ0YIUQYO1KZ4BH16Q3S87NX","3QH037L2CN8MML4WDVCY8REXC5JAWN","Provide the optional step for completing a process","You will be asked to provide a missing optional step of completing a process","commonsense, event","$0.03","Mon Aug 16 00:14:54 PDT 2021","5","BatchId:4531901;OriginalHitTemplateId:920937340;","3600","259200","Mon Aug 23 00:14:54 PDT 2021","","","3SB4CE2TJWXK8EYXJA85EEV2E13AXP","A1Y9ZRLSVHCZCD","Submitted","Mon Aug 16 01:18:53 PDT 2021","Mon Aug 16 01:31:34 PDT 2021","Thu Aug 19 01:31:34 PDT 2021","","","","761","100% (101/101)","100% (101/101)","100% (62/62)","10_6","Make Angel's Delight","Take one angel food cake, and pull a large piece (about four inches wide) off","Finished"," Wash your hands, and then open the can of pineapples just enough to drain the juice into a bowl (you'll need it later)","Open the maraschino cherries and drain the juice into another bowl","Take a spoon and drizzle a goodly amount of the cherry and pineapple juices over the cake - about a third of the juice should suffice"," Use another spoon, spread Cool Whip over the fruit layer","Sprinkle a thin layer of shredded coconut on top of the cool whip"," Repeat the above steps with the remaining angel food cake, crushed pineapple, 12 more cherries, their respective juices, and cool whip"," Cover and let sit in the refrigerator overnight, to let the cake absorb the juice and settle","Keep chilled until ready to serve; dole it out with a large serving spoon or spatula","","","","","","","","","","","","","","","","","","","","","","","NO","Between Step 4 and Step 5","","","","","",""
"3SCKNODZ0YIUQYO1KZ4BH16Q3S87NX","3QH037L2CN8MML4WDVCY8REXC5JAWN","Provide the optional step for completing a process","You will be asked to provide a missing optional step of completing a process","commonsense, event","$0.03","Mon Aug 16 00:14:54 PDT 2021","5","BatchId:4531901;OriginalHitTemplateId:920937340;","3600","259200","Mon Aug 23 00:14:54 PDT 2021","","","3R0T90IZ1TEXF705EE4SWNLVBEUCG3","A2ZJAQE1IFJRZF","Submitted","Mon Aug 16 01:25:15 PDT 2021","Mon Aug 16 01:27:54 PDT 2021","Thu Aug 19 01:27:54 PDT 2021","","","","159","100% (40/40)","100% (40/40)","0% (0/0)","10_6","Make Angel's Delight","Take one angel food cake, and pull a large piece (about four inches wide) off","Finished"," Wash your hands, and then open the can of pineapples just enough to drain the juice into a bowl (you'll need it later)","Open the maraschino cherries and drain the juice into another bowl","Take a spoon and drizzle a goodly amount of the cherry and pineapple juices over the cake - about a third of the juice should suffice"," Use another spoon, spread Cool Whip over the fruit layer","Sprinkle a thin layer of shredded coconut on top of the cool whip"," Repeat the above steps with the remaining angel food cake, crushed pineapple, 12 more cherries, their respective juices, and cool whip"," Cover and let sit in the refrigerator overnight, to let the cake absorb the juice and settle","Keep chilled until ready to serve; dole it out with a large serving spoon or spatula","","","","","","","","","","","","","","","","","","","","","","","NO","N/A","","","","","",""
"3SCKNODZ0YIUQYO1KZ4BH16Q3S87NX","3QH037L2CN8MML4WDVCY8REXC5JAWN","Provide the optional step for completing a process","You will be asked to provide a missing optional step of completing a process","commonsense, event","$0.03","Mon Aug 16 00:14:54 PDT 2021","5","BatchId:4531901;OriginalHitTemplateId:920937340;","3600","259200","Mon Aug 23 00:14:54 PDT 2021","","","34S6N1K2ZWL4I7PMBXF9K6NJKMGHLG","AK3KLLEOPQWDU","Submitted","Mon Aug 16 01:06:50 PDT 2021","Mon Aug 16 01:23:47 PDT 2021","Thu Aug 19 01:23:47 PDT 2021","","","","1017","100% (104/104)","100% (104/104)","100% (55/55)","10_6","Make Angel's Delight","Take one angel food cake, and pull a large piece (about four inches wide) off","Finished"," Wash your hands, and then open the can of pineapples just enough to drain the juice into a bowl (you'll need it later)","Open the maraschino cherries and drain the juice into another bowl","Take a spoon and drizzle a goodly amount of the cherry and pineapple juices over the cake - about a third of the juice should suffice"," Use another spoon, spread Cool Whip over the fruit layer","Sprinkle a thin layer of shredded coconut on top of the cool whip"," Repeat the above steps with the remaining angel food cake, crushed pineapple, 12 more cherries, their respective juices, and cool whip"," Cover and let sit in the refrigerator overnight, to let the cake absorb the juice and settle","Keep chilled until ready to serve; dole it out with a large serving spoon or spatula","","","","","","","","","","","","","","","","","","","","","","","no","Between Step 4 and Step 5","","","","","",""
"37ZQELHEQ10DB1VOO5600J3GYH3MNN","3QH037L2CN8MML4WDVCY8REXC5JAWN","Provide the optional step for completing a process","You will be asked to provide a missing optional step of completing a process","commonsense, event","$0.03","Mon Aug 16 00:14:54 PDT 2021","5","BatchId:4531901;OriginalHitTemplateId:920937340;","3600","259200","Mon Aug 23 00:14:54 PDT 2021","","","30ZX6P7VF9XU8RY4PR0PHN4PRESJ2X","A1Y61KE0P56FQR","Submitted","Mon Aug 16 01:03:08 PDT 2021","Mon Aug 16 01:11:18 PDT 2021","Thu Aug 19 01:11:18 PDT 2021","","","","490","100% (98/98)","100% (98/98)","100% (46/46)","10_7","Use Microsoft Paint in Windows - Adding Text","Select a text color","Anchor your text","Click A","Select a location for your text","Change the text's font","Change the font's size","Add formatting to the text","Increase the text box's size if necessary","Enter your text","Give your text a background if you like","","","","","","","","","","","","","","","","","","","","","","","","","no","Between Step 2 and Step 3","","","",""
"37ZQELHEQ10DB1VOO5600J3GYH3MNN","3QH037L2CN8MML4WDVCY8REXC5JAWN","Provide the optional step for completing a process","You will be asked to provide a missing optional step of completing a process","commonsense, event","$0.03","Mon Aug 16 00:14:54 PDT 2021","5","BatchId:4531901;OriginalHitTemplateId:920937340;","3600","259200","Mon Aug 23 00:14:54 PDT 2021","","","3BWI6RSP7HBTJC9IH26TGY85XME7EC","A1Y9ZRLSVHCZCD","Submitted","Mon Aug 16 00:46:16 PDT 2021","Mon Aug 16 00:51:38 PDT 2021","Thu Aug 19 00:51:38 PDT 2021","","","","322","100% (101/101)","100% (101/101)","100% (62/62)","10_7","Use Microsoft Paint in Windows - Adding Text","Select a text color","Anchor your text","Click A","Select a location for your text","Change the text's font","Change the font's size","Add formatting to the text","Increase the text box's size if necessary","Enter your text","Give your text a background if you like","","","","","","","","","","","","","","","","","","","","","","","","","NO","Between Step 6 and Step 7","","","",""
"37ZQELHEQ10DB1VOO5600J3GYH3MNN","3QH037L2CN8MML4WDVCY8REXC5JAWN","Provide the optional step for completing a process","You will be asked to provide a missing optional step of completing a process","commonsense, event","$0.03","Mon Aug 16 00:14:54 PDT 2021","5","BatchId:4531901;OriginalHitTemplateId:920937340;","3600","259200","Mon Aug 23 00:14:54 PDT 2021","","","3N1FSUEFL62R8JDZJ9X2746A68SD4A","A2T69U2VBQLW3Y","Submitted","Mon Aug 16 01:05:10 PDT 2021","Mon Aug 16 01:13:21 PDT 2021","Thu Aug 19 01:13:21 PDT 2021","","","","491","100% (92/92)","100% (92/92)","100% (46/46)","10_7","Use Microsoft Paint in Windows - Adding Text","Select a text color","Anchor your text","Click A","Select a location for your text","Change the text's font","Change the font's size","Add formatting to the text","Increase the text box's size if necessary","Enter your text","Give your text a background if you like","","","","","","","","","","","","","","","","","","","","","","","","","NO","Between Step 6 and Step 7","","","",""
"37ZQELHEQ10DB1VOO5600J3GYH3MNN","3QH037L2CN8MML4WDVCY8REXC5JAWN","Provide the optional step for completing a process","You will be asked to provide a missing optional step of completing a process","commonsense, event","$0.03","Mon Aug 16 00:14:54 PDT 2021","5","BatchId:4531901;OriginalHitTemplateId:920937340;","3600","259200","Mon Aug 23 00:14:54 PDT 2021","","","3VNXK88KKDKEZ6JXRPTNUYNXS7B9V2","A3N4HFWUMG9LHE","Submitted","Mon Aug 16 01:09:10 PDT 2021","Mon Aug 16 01:35:29 PDT 2021","Thu Aug 19 01:35:29 PDT 2021","","","","1579","100% (35/35)","100% (35/35)","100% (10/10)","10_7","Use Microsoft Paint in Windows - Adding Text","Select a text color","Anchor your text","Click A","Select a location for your text","Change the text's font","Change the font's size","Add formatting to the text","Increase the text box's size if necessary","Enter your text","Give your text a background if you like","","","","","","","","","","","","","","","","","","","","","","","","","NO","N/A","","","",""
"37ZQELHEQ10DB1VOO5600J3GYH3MNN","3QH037L2CN8MML4WDVCY8REXC5JAWN","Provide the optional step for completing a process","You will be asked to provide a missing optional step of completing a process","commonsense, event","$0.03","Mon Aug 16 00:14:54 PDT 2021","5","BatchId:4531901;OriginalHitTemplateId:920937340;","3600","259200","Mon Aug 23 00:14:54 PDT 2021","","","3KXIR214I5I459FJMKDLBLF69IA421","APEB5ERGCYP6D","Submitted","Mon Aug 16 01:29:38 PDT 2021","Mon Aug 16 01:32:54 PDT 2021","Thu Aug 19 01:32:54 PDT 2021","","","","196","100% (132/132)","0% (0/0)","0% (0/0)","10_7","Use Microsoft Paint in Windows - Adding Text","Select a text color","Anchor your text","Click A","Select a location for your text","Change the text's font","Change the font's size","Add formatting to the text","Increase the text box's size if necessary","Enter your text","Give your text a background if you like","","","","","","","","","","","","","","","","","","","","","","","","","NO","N/A","","","",""
"3CRWSLD91L6VTMV0PK6DF83LOR8MO2","3QH037L2CN8MML4WDVCY8REXC5JAWN","Provide the optional step for completing a process","You will be asked to provide a missing optional step of completing a process","commonsense, event","$0.03","Mon Aug 16 00:14:54 PDT 2021","5","BatchId:4531901;OriginalHitTemplateId:920937340;","3600","259200","Mon Aug 23 00:14:54 PDT 2021","","","3C5W7UE9CGSLAF7MGDYAN5Q28HLXMN","A1JIYVK0WFBIJU","Submitted","Mon Aug 16 00:52:49 PDT 2021","Mon Aug 16 01:43:21 PDT 2021","Thu Aug 19 01:43:21 PDT 2021","","","","3032","0% (0/0)","0% (0/0)","0% (0/0)","10_8","Construct a Raised Planting Bed - Constructing the Frame","Cut your timbers to the desired length","Line the planter with hardware cloth to keep out pests","Mark the outlines of the planter where you want to build","Remove the turf from the area inside the planter","Loosen the soil underneath the removed turf","Place 4 wood stakes at the inner corners of the planter","Dig a trench 1–2 inches (2","5–5","1 cm) deep along the edges of the planter","Attach the boards to the stakes with nails or screws","","","","","","","","","","","","","","","","","","","","","","","","","","","NO","Between Step 3 and Step 4","",""
"3CRWSLD91L6VTMV0PK6DF83LOR8MO2","3QH037L2CN8MML4WDVCY8REXC5JAWN","Provide the optional step for completing a process","You will be asked to provide a missing optional step of completing a process","commonsense, event","$0.03","Mon Aug 16 00:14:54 PDT 2021","5","BatchId:4531901;OriginalHitTemplateId:920937340;","3600","259200","Mon Aug 23 00:14:54 PDT 2021","","","3GGAI1SQEW0X7HWRPH2N9S5S7Z2CM5","A1Y61KE0P56FQR","Submitted","Mon Aug 16 01:09:15 PDT 2021","Mon Aug 16 01:17:11 PDT 2021","Thu Aug 19 01:17:11 PDT 2021","","","","476","100% (98/98)","100% (98/98)","100% (46/46)","10_8","Construct a Raised Planting Bed - Constructing the Frame","Cut your timbers to the desired length","Line the planter with hardware cloth to keep out pests","Mark the outlines of the planter where you want to build","Remove the turf from the area inside the planter","Loosen the soil underneath the removed turf","Place 4 wood stakes at the inner corners of the planter","Dig a trench 1–2 inches (2","5–5","1 cm) deep along the edges of the planter","Attach the boards to the stakes with nails or screws","","","","","","","","","","","","","","","","","","","","","","","","","","","no","Between Step 1 and Step 2","",""
"3CRWSLD91L6VTMV0PK6DF83LOR8MO2","3QH037L2CN8MML4WDVCY8REXC5JAWN","Provide the optional step for completing a process","You will be asked to provide a missing optional step of completing a process","commonsense, event","$0.03","Mon Aug 16 00:14:54 PDT 2021","5","BatchId:4531901;OriginalHitTemplateId:920937340;","3600","259200","Mon Aug 23 00:14:54 PDT 2021","","","3HYA4D452SLE3PC861942PCXY7D2FF","A1Y9ZRLSVHCZCD","Submitted","Mon Aug 16 01:08:55 PDT 2021","Mon Aug 16 01:16:50 PDT 2021","Thu Aug 19 01:16:50 PDT 2021","","","","475","100% (101/101)","100% (101/101)","100% (62/62)","10_8","Construct a Raised Planting Bed - Constructing the Frame","Cut your timbers to the desired length","Line the planter with hardware cloth to keep out pests","Mark the outlines of the planter where you want to build","Remove the turf from the area inside the planter","Loosen the soil underneath the removed turf","Place 4 wood stakes at the inner corners of the planter","Dig a trench 1–2 inches (2","5–5","1 cm) deep along the edges of the planter","Attach the boards to the stakes with nails or screws","","","","","","","","","","","","","","","","","","","","","","","","","","","NO","Between Step 3 and Step 4","",""
"3CRWSLD91L6VTMV0PK6DF83LOR8MO2","3QH037L2CN8MML4WDVCY8REXC5JAWN","Provide the optional step for completing a process","You will be asked to provide a missing optional step of completing a process","commonsense, event","$0.03","Mon Aug 16 00:14:54 PDT 2021","5","BatchId:4531901;OriginalHitTemplateId:920937340;","3600","259200","Mon Aug 23 00:14:54 PDT 2021","","","39DD6S19JQDC3MFO0XYC7I147FYEZI","A2T69U2VBQLW3Y","Submitted","Mon Aug 16 01:12:32 PDT 2021","Mon Aug 16 01:18:56 PDT 2021","Thu Aug 19 01:18:56 PDT 2021","","","","384","100% (92/92)","100% (92/92)","100% (46/46)","10_8","Construct a Raised Planting Bed - Constructing the Frame","Cut your timbers to the desired length","Line the planter with hardware cloth to keep out pests","Mark the outlines of the planter where you want to build","Remove the turf from the area inside the planter","Loosen the soil underneath the removed turf","Place 4 wood stakes at the inner corners of the planter","Dig a trench 1–2 inches (2","5–5","1 cm) deep along the edges of the planter","Attach the boards to the stakes with nails or screws","","","","","","","","","","","","","","","","","","","","","","","","","","","NO","Between Step 5 and Step 6","",""
"3CRWSLD91L6VTMV0PK6DF83LOR8MO2","3QH037L2CN8MML4WDVCY8REXC5JAWN","Provide the optional step for completing a process","You will be asked to provide a missing optional step of completing a process","commonsense, event","$0.03","Mon Aug 16 00:14:54 PDT 2021","5","BatchId:4531901;OriginalHitTemplateId:920937340;","3600","259200","Mon Aug 23 00:14:54 PDT 2021","","","3SLE99ER0OFEWJ34Q6WM6AVJ4IKBZE","AJC2C0HUFP7J4","Submitted","Mon Aug 16 01:08:46 PDT 2021","Mon Aug 16 01:16:45 PDT 2021","Thu Aug 19 01:16:45 PDT 2021","","","","479","100% (63/63)","100% (63/63)","100% (43/43)","10_8","Construct a Raised Planting Bed - Constructing the Frame","Cut your timbers to the desired length","Line the planter with hardware cloth to keep out pests","Mark the outlines of the planter where you want to build","Remove the turf from the area inside the planter","Loosen the soil underneath the removed turf","Place 4 wood stakes at the inner corners of the planter","Dig a trench 1–2 inches (2","5–5","1 cm) deep along the edges of the planter","Attach the boards to the stakes with nails or screws","","","","","","","","","","","","","","","","","","","","","","","","","","","no","Between Step 6 and Step 7","",""
"3RWSQDNYLAOVHZQQ4UJAXOAYZP5FF2","3QH037L2CN8MML4WDVCY8REXC5JAWN","Provide the optional step for completing a process","You will be asked to provide a missing optional step of completing a process","commonsense, event","$0.03","Mon Aug 16 00:14:54 PDT 2021","5","BatchId:4531901;OriginalHitTemplateId:920937340;","3600","259200","Mon Aug 23 00:14:54 PDT 2021","","","3R0T90IZ1TEXF705EE4SWNLVBEXGCA","A1Y61KE0P56FQR","Submitted","Mon Aug 16 01:33:31 PDT 2021","Mon Aug 16 01:39:25 PDT 2021","Thu Aug 19 01:39:25 PDT 2021","","","","354","100% (98/98)","100% (98/98)","100% (46/46)","10_9","Paint Patio Furniture - Refinishing Rusty Metal Furniture","Spread a nonslip drop cloth on the ground where you’ll be working","Give your finished furniture 24 hours to dry","Use a wire brush to scrape off rust and loose paint","Use muriatic acid or another rust remover to get areas of stubborn rust","Clean your chair with soap and water","Dry your furniture thoroughly with a towel","Apply a rust converter solution to your furniture","Buy rust-inhibiting spray primer and paint"," Apply your spray paint in a thin, even coat","Allow your furniture to dry for 45 minutes between coats","","","","","","","","","","","","","","","","","","","","","","","","","","","","","no","Between Step 4 and Step 5"
"3RWSQDNYLAOVHZQQ4UJAXOAYZP5FF2","3QH037L2CN8MML4WDVCY8REXC5JAWN","Provide the optional step for completing a process","You will be asked to provide a missing optional step of completing a process","commonsense, event","$0.03","Mon Aug 16 00:14:54 PDT 2021","5","BatchId:4531901;OriginalHitTemplateId:920937340;","3600","259200","Mon Aug 23 00:14:54 PDT 2021","","","3GGAI1SQEW0X7HWRPH2N9S5S709CME","A2T69U2VBQLW3Y","Submitted","Mon Aug 16 01:32:52 PDT 2021","Mon Aug 16 01:39:07 PDT 2021","Thu Aug 19 01:39:07 PDT 2021","","","","375","100% (92/92)","100% (92/92)","100% (46/46)","10_9","Paint Patio Furniture - Refinishing Rusty Metal Furniture","Spread a nonslip drop cloth on the ground where you’ll be working","Give your finished furniture 24 hours to dry","Use a wire brush to scrape off rust and loose paint","Use muriatic acid or another rust remover to get areas of stubborn rust","Clean your chair with soap and water","Dry your furniture thoroughly with a towel","Apply a rust converter solution to your furniture","Buy rust-inhibiting spray primer and paint"," Apply your spray paint in a thin, even coat","Allow your furniture to dry for 45 minutes between coats","","","","","","","","","","","","","","","","","","","","","","","","","","","","","NO","Between Step 7 and Step 8"
"3RWSQDNYLAOVHZQQ4UJAXOAYZP5FF2","3QH037L2CN8MML4WDVCY8REXC5JAWN","Provide the optional step for completing a process","You will be asked to provide a missing optional step of completing a process","commonsense, event","$0.03","Mon Aug 16 00:14:54 PDT 2021","5","BatchId:4531901;OriginalHitTemplateId:920937340;","3600","259200","Mon Aug 23 00:14:54 PDT 2021","","","33FOTY3KENN0BSA2WVJPP0HP9PA1CR","ABPVF7XEC88WF","Submitted","Mon Aug 16 01:20:28 PDT 2021","Mon Aug 16 01:23:00 PDT 2021","Thu Aug 19 01:23:00 PDT 2021","","","","152","100% (46/46)","100% (46/46)","100% (14/14)","10_9","Paint Patio Furniture - Refinishing Rusty Metal Furniture","Spread a nonslip drop cloth on the ground where you’ll be working","Give your finished furniture 24 hours to dry","Use a wire brush to scrape off rust and loose paint","Use muriatic acid or another rust remover to get areas of stubborn rust","Clean your chair with soap and water","Dry your furniture thoroughly with a towel","Apply a rust converter solution to your furniture","Buy rust-inhibiting spray primer and paint"," Apply your spray paint in a thin, even coat","Allow your furniture to dry for 45 minutes between coats","","","","","","","","","","","","","","","","","","","","","","","","","","","","","NO","N/A"
"3RWSQDNYLAOVHZQQ4UJAXOAYZP5FF2","3QH037L2CN8MML4WDVCY8REXC5JAWN","Provide the optional step for completing a process","You will be asked to provide a missing optional step of completing a process","commonsense, event","$0.03","Mon Aug 16 00:14:54 PDT 2021","5","BatchId:4531901;OriginalHitTemplateId:920937340;","3600","259200","Mon Aug 23 00:14:54 PDT 2021","","","3Z7VU45IPZJDJLLCO93X0YIAI6Q1ZI","AJC2C0HUFP7J4","Submitted","Mon Aug 16 00:58:36 PDT 2021","Mon Aug 16 01:10:58 PDT 2021","Thu Aug 19 01:10:58 PDT 2021","","","","742","100% (63/63)","100% (63/63)","100% (43/43)","10_9","Paint Patio Furniture - Refinishing Rusty Metal Furniture","Spread a nonslip drop cloth on the ground where you’ll be working","Give your finished furniture 24 hours to dry","Use a wire brush to scrape off rust and loose paint","Use muriatic acid or another rust remover to get areas of stubborn rust","Clean your chair with soap and water","Dry your furniture thoroughly with a towel","Apply a rust converter solution to your furniture","Buy rust-inhibiting spray primer and paint"," Apply your spray paint in a thin, even coat","Allow your furniture to dry for 45 minutes between coats","","","","","","","","","","","","","","","","","","","","","","","","","","","","","no","Between Step 3 and Step 4"
"3RWSQDNYLAOVHZQQ4UJAXOAYZP5FF2","3QH037L2CN8MML4WDVCY8REXC5JAWN","Provide the optional step for completing a process","You will be asked to provide a missing optional step of completing a process","commonsense, event","$0.03","Mon Aug 16 00:14:54 PDT 2021","5","BatchId:4531901;OriginalHitTemplateId:920937340;","3600","259200","Mon Aug 23 00:14:54 PDT 2021","","","3XM0HYN6NL1IPIDIDO0AGKZQXHWPEF","AUGB87RX972IH","Submitted","Mon Aug 16 01:32:12 PDT 2021","Mon Aug 16 01:34:36 PDT 2021","Thu Aug 19 01:34:36 PDT 2021","","","","144","100% (81/81)","100% (78/78)","100% (49/49)","10_9","Paint Patio Furniture - Refinishing Rusty Metal Furniture","Spread a nonslip drop cloth on the ground where you’ll be working","Give your finished furniture 24 hours to dry","Use a wire brush to scrape off rust and loose paint","Use muriatic acid or another rust remover to get areas of stubborn rust","Clean your chair with soap and water","Dry your furniture thoroughly with a towel","Apply a rust converter solution to your furniture","Buy rust-inhibiting spray primer and paint"," Apply your spray paint in a thin, even coat","Allow your furniture to dry for 45 minutes between coats","","","","","","","","","","","","","","","","","","","","","","","","","","","","","no","Between Step 6 and Step 7"
"37VE3DA4YVJPIE5GUILEHJVQ06QHBK","3QH037L2CN8MML4WDVCY8REXC5JAWN","Provide the optional step for completing a process","You will be asked to provide a missing optional step of completing a process","commonsense, event","$0.03","Mon Aug 16 00:14:54 PDT 2021","5","BatchId:4531901;OriginalHitTemplateId:920937340;","3600","259200","Mon Aug 23 00:14:54 PDT 2021","","","3TXWC2NHN0SY7E2TXUOIJB3QT4J9S1","A125RF75OP2VTO","Submitted","Mon Aug 16 01:17:09 PDT 2021","Mon Aug 16 01:17:29 PDT 2021","Thu Aug 19 01:17:29 PDT 2021","","","","20","0% (0/0)","0% (0/0)","0% (0/0)","10_10","Bake a Cake - Making Apple Cake","Gather your ingredients","Bake the cake for about 50 minutes"," Grease and flour the cake pan, then preheat the oven to 350 °F (177 °C)","Melt the butter and allow it to cool","Stir the dry ingredients in a small bowl","Prepare the apples","Blend the wet ingredients","Add the dry mixture to the wet mixture","Fold in the apples","Pour the batter into the pan","","","NO","Between Step 3 and Step 4","","","","","","","","","","","","","","","","","","","","","","","","","",""
"37VE3DA4YVJPIE5GUILEHJVQ06QHBK","3QH037L2CN8MML4WDVCY8REXC5JAWN","Provide the optional step for completing a process","You will be asked to provide a missing optional step of completing a process","commonsense, event","$0.03","Mon Aug 16 00:14:54 PDT 2021","5","BatchId:4531901;OriginalHitTemplateId:920937340;","3600","259200","Mon Aug 23 00:14:54 PDT 2021","","","3RRCEFRB7NEYTMFF5D6WCEIA3NB4BP","A1Y61KE0P56FQR","Submitted","Mon Aug 16 00:45:39 PDT 2021","Mon Aug 16 00:52:54 PDT 2021","Thu Aug 19 00:52:54 PDT 2021","","","","435","100% (98/98)","100% (98/98)","100% (46/46)","10_10","Bake a Cake - Making Apple Cake","Gather your ingredients","Bake the cake for about 50 minutes"," Grease and flour the cake pan, then preheat the oven to 350 °F (177 °C)","Melt the butter and allow it to cool","Stir the dry ingredients in a small bowl","Prepare the apples","Blend the wet ingredients","Add the dry mixture to the wet mixture","Fold in the apples","Pour the batter into the pan","","","no","Between Step 5 and Step 6","","","","","","","","","","","","","","","","","","","","","","","","","",""
"37VE3DA4YVJPIE5GUILEHJVQ06QHBK","3QH037L2CN8MML4WDVCY8REXC5JAWN","Provide the optional step for completing a process","You will be asked to provide a missing optional step of completing a process","commonsense, event","$0.03","Mon Aug 16 00:14:54 PDT 2021","5","BatchId:4531901;OriginalHitTemplateId:920937340;","3600","259200","Mon Aug 23 00:14:54 PDT 2021","","","3PB5A5BD0W8R3Q59NXWHG1THA2T7GT","A1Y9ZRLSVHCZCD","Submitted","Mon Aug 16 00:46:24 PDT 2021","Mon Aug 16 00:54:36 PDT 2021","Thu Aug 19 00:54:36 PDT 2021","","","","492","100% (101/101)","100% (101/101)","100% (62/62)","10_10","Bake a Cake - Making Apple Cake","Gather your ingredients","Bake the cake for about 50 minutes"," Grease and flour the cake pan, then preheat the oven to 350 °F (177 °C)","Melt the butter and allow it to cool","Stir the dry ingredients in a small bowl","Prepare the apples","Blend the wet ingredients","Add the dry mixture to the wet mixture","Fold in the apples","Pour the batter into the pan","","","NO","Between Step 5 and Step 6","","","","","","","","","","","","","","","","","","","","","","","","","",""
"37VE3DA4YVJPIE5GUILEHJVQ06QHBK","3QH037L2CN8MML4WDVCY8REXC5JAWN","Provide the optional step for completing a process","You will be asked to provide a missing optional step of completing a process","commonsense, event","$0.03","Mon Aug 16 00:14:54 PDT 2021","5","BatchId:4531901;OriginalHitTemplateId:920937340;","3600","259200","Mon Aug 23 00:14:54 PDT 2021","","","3YDTZAI2WYIXGOXN3GD76251HBL417","AJC2C0HUFP7J4","Submitted","Mon Aug 16 00:50:07 PDT 2021","Mon Aug 16 00:56:51 PDT 2021","Thu Aug 19 00:56:51 PDT 2021","","","","404","100% (63/63)","100% (63/63)","100% (43/43)","10_10","Bake a Cake - Making Apple Cake","Gather your ingredients","Bake the cake for about 50 minutes"," Grease and flour the cake pan, then preheat the oven to 350 °F (177 °C)","Melt the butter and allow it to cool","Stir the dry ingredients in a small bowl","Prepare the apples","Blend the wet ingredients","Add the dry mixture to the wet mixture","Fold in the apples","Pour the batter into the pan","","","no","Between Step 1 and Step 2","","","","","","","","","","","","","","","","","","","","","","","","","",""
"37VE3DA4YVJPIE5GUILEHJVQ06QHBK","3QH037L2CN8MML4WDVCY8REXC5JAWN","Provide the optional step for completing a process","You will be asked to provide a missing optional step of completing a process","commonsense, event","$0.03","Mon Aug 16 00:14:54 PDT 2021","5","BatchId:4531901;OriginalHitTemplateId:920937340;","3600","259200","Mon Aug 23 00:14:54 PDT 2021","","","3TR2532VIQWIQSH5CTCS70L17JQ6JX","AUGB87RX972IH","Submitted","Mon Aug 16 00:45:24 PDT 2021","Mon Aug 16 00:53:52 PDT 2021","Thu Aug 19 00:53:52 PDT 2021","","","","508","100% (81/81)","100% (78/78)","100% (49/49)","10_10","Bake a Cake - Making Apple Cake","Gather your ingredients","Bake the cake for about 50 minutes"," Grease and flour the cake pan, then preheat the oven to 350 °F (177 °C)","Melt the butter and allow it to cool","Stir the dry ingredients in a small bowl","Prepare the apples","Blend the wet ingredients","Add the dry mixture to the wet mixture","Fold in the apples","Pour the batter into the pan","","","no","Between Step 4 and Step 5","","","","","","","","","","","","","","","","","","","","","","","","","",""
"3VZYA8PITP0CIYIBV0NG85WH4T2505","3QH037L2CN8MML4WDVCY8REXC5JAWN","Provide the optional step for completing a process","You will be asked to provide a missing optional step of completing a process","commonsense, event","$0.03","Mon Aug 16 00:14:54 PDT 2021","5","BatchId:4531901;OriginalHitTemplateId:920937340;","3600","259200","Mon Aug 23 00:14:54 PDT 2021","","","3J88R45B2H0RVI4Z8TQ249KXDMWXPJ","A1JIYVK0WFBIJU","Submitted","Mon Aug 16 00:52:52 PDT 2021","Mon Aug 16 01:43:46 PDT 2021","Thu Aug 19 01:43:46 PDT 2021","","","","3054","0% (0/0)","0% (0/0)","0% (0/0)","10_11","Make a Vegan Avocado Chocolate Cake","Preheat the oven to 180ºC/350ºF","Ice when cooled"," Add the flour, salt, baking powder, and baking soda to the mixing bowl","Add the ground hazelnuts"," Add the vegetable oil, water, vinegar and vanilla in the other mixing bowl","Add the sugar to the bowl of wet ingredients","Pour the wet ingredients into the dry ingredients bowl","Pour the batter into the prepared cake pan","Place in the oven","Remove from the oven","","","","","NO","Between Step 5 and Step 6","","","","","","","","","","","","","","","","","","","","","","","",""
"3VZYA8PITP0CIYIBV0NG85WH4T2505","3QH037L2CN8MML4WDVCY8REXC5JAWN","Provide the optional step for completing a process","You will be asked to provide a missing optional step of completing a process","commonsense, event","$0.03","Mon Aug 16 00:14:54 PDT 2021","5","BatchId:4531901;OriginalHitTemplateId:920937340;","3600","259200","Mon Aug 23 00:14:54 PDT 2021","","","31JLPPHS2VWXUKLK946Z8TQ3WM3O3X","A1XHDX8YAD8LG2","Submitted","Mon Aug 16 01:06:44 PDT 2021","Mon Aug 16 01:41:13 PDT 2021","Thu Aug 19 01:41:13 PDT 2021","","","","2069","0% (0/0)","0% (0/0)","0% (0/0)","10_11","Make a Vegan Avocado Chocolate Cake","Preheat the oven to 180ºC/350ºF","Ice when cooled"," Add the flour, salt, baking powder, and baking soda to the mixing bowl","Add the ground hazelnuts"," Add the vegetable oil, water, vinegar and vanilla in the other mixing bowl","Add the sugar to the bowl of wet ingredients","Pour the wet ingredients into the dry ingredients bowl","Pour the batter into the prepared cake pan","Place in the oven","Remove from the oven","","","","","no","Between Step 2 and Step 3","","","","","","","","","","","","","","","","","","","","","","","",""
"3VZYA8PITP0CIYIBV0NG85WH4T2505","3QH037L2CN8MML4WDVCY8REXC5JAWN","Provide the optional step for completing a process","You will be asked to provide a missing optional step of completing a process","commonsense, event","$0.03","Mon Aug 16 00:14:54 PDT 2021","5","BatchId:4531901;OriginalHitTemplateId:920937340;","3600","259200","Mon Aug 23 00:14:54 PDT 2021","","","3570Y55XZQLAIA1AA6MHTEDEE2FYG0","A1Y61KE0P56FQR","Submitted","Mon Aug 16 01:34:05 PDT 2021","Mon Aug 16 01:39:38 PDT 2021","Thu Aug 19 01:39:38 PDT 2021","","","","333","100% (98/98)","100% (98/98)","100% (46/46)","10_11","Make a Vegan Avocado Chocolate Cake","Preheat the oven to 180ºC/350ºF","Ice when cooled"," Add the flour, salt, baking powder, and baking soda to the mixing bowl","Add the ground hazelnuts"," Add the vegetable oil, water, vinegar and vanilla in the other mixing bowl","Add the sugar to the bowl of wet ingredients","Pour the wet ingredients into the dry ingredients bowl","Pour the batter into the prepared cake pan","Place in the oven","Remove from the oven","","","","","no","Between Step 5 and Step 6","","","","","","","","","","","","","","","","","","","","","","","",""
"3VZYA8PITP0CIYIBV0NG85WH4T2505","3QH037L2CN8MML4WDVCY8REXC5JAWN","Provide the optional step for completing a process","You will be asked to provide a missing optional step of completing a process","commonsense, event","$0.03","Mon Aug 16 00:14:54 PDT 2021","5","BatchId:4531901;OriginalHitTemplateId:920937340;","3600","259200","Mon Aug 23 00:14:54 PDT 2021","","","3TPWUS5F8A3TCTQ5TJ8AIQ7J51BCWR","A1Y9ZRLSVHCZCD","Submitted","Mon Aug 16 00:51:56 PDT 2021","Mon Aug 16 00:58:49 PDT 2021","Thu Aug 19 00:58:49 PDT 2021","","","","413","100% (101/101)","100% (101/101)","100% (62/62)","10_11","Make a Vegan Avocado Chocolate Cake","Preheat the oven to 180ºC/350ºF","Ice when cooled"," Add the flour, salt, baking powder, and baking soda to the mixing bowl","Add the ground hazelnuts"," Add the vegetable oil, water, vinegar and vanilla in the other mixing bowl","Add the sugar to the bowl of wet ingredients","Pour the wet ingredients into the dry ingredients bowl","Pour the batter into the prepared cake pan","Place in the oven","Remove from the oven","","","","","NO","Between Step 6 and Step 7","","","","","","","","","","","","","","","","","","","","","","","",""
"3VZYA8PITP0CIYIBV0NG85WH4T2505","3QH037L2CN8MML4WDVCY8REXC5JAWN","Provide the optional step for completing a process","You will be asked to provide a missing optional step of completing a process","commonsense, event","$0.03","Mon Aug 16 00:14:54 PDT 2021","5","BatchId:4531901;OriginalHitTemplateId:920937340;","3600","259200","Mon Aug 23 00:14:54 PDT 2021","","","3JV9LGBJWUGYOWX84JDJRNFC0R3GOS","AK3KLLEOPQWDU","Submitted","Mon Aug 16 00:46:20 PDT 2021","Mon Aug 16 00:48:16 PDT 2021","Thu Aug 19 00:48:16 PDT 2021","","","","116","100% (104/104)","100% (104/104)","100% (55/55)","10_11","Make a Vegan Avocado Chocolate Cake","Preheat the oven to 180ºC/350ºF","Ice when cooled"," Add the flour, salt, baking powder, and baking soda to the mixing bowl","Add the ground hazelnuts"," Add the vegetable oil, water, vinegar and vanilla in the other mixing bowl","Add the sugar to the bowl of wet ingredients","Pour the wet ingredients into the dry ingredients bowl","Pour the batter into the prepared cake pan","Place in the oven","Remove from the oven","","","","","NO","Between Step 7 and Step 8","","","","","","","","","","","","","","","","","","","","","","","",""
"3RWB1RTQDKPYTX5XAJ99ZQ7GERFP8Y","3QH037L2CN8MML4WDVCY8REXC5JAWN","Provide the optional step for completing a process","You will be asked to provide a missing optional step of completing a process","commonsense, event","$0.03","Mon Aug 16 00:14:54 PDT 2021","5","BatchId:4531901;OriginalHitTemplateId:920937340;","3600","259200","Mon Aug 23 00:14:54 PDT 2021","","","33C7UALJVM0YZPKPFJ3KNEL6JXI81J","A1JIYVK0WFBIJU","Submitted","Mon Aug 16 00:53:02 PDT 2021","Mon Aug 16 01:45:18 PDT 2021","Thu Aug 19 01:45:18 PDT 2021","","","","3136","0% (0/0)","0% (0/0)","0% (0/0)","10_12","Password Protect a PDF - Using PDF2Go","Open the PDF2Go website","Click Download File","Click Choose File","Select your PDF","Click Open"," Scroll down to the ""Settings"" section","Enter a password","Disable PDF permissions","Scroll down and enter an editing password","Click SAVE CHANGES","","","","","","","NO","Between Step 3 and Step 4","","","","","","","","","","","","","","","","","","","","","",""
"3RWB1RTQDKPYTX5XAJ99ZQ7GERFP8Y","3QH037L2CN8MML4WDVCY8REXC5JAWN","Provide the optional step for completing a process","You will be asked to provide a missing optional step of completing a process","commonsense, event","$0.03","Mon Aug 16 00:14:54 PDT 2021","5","BatchId:4531901;OriginalHitTemplateId:920937340;","3600","259200","Mon Aug 23 00:14:54 PDT 2021","","","3S0TNUHWKUKSRK01VCNFOGMF8VRD8M","A1Y9ZRLSVHCZCD","Submitted","Mon Aug 16 01:18:18 PDT 2021","Mon Aug 16 01:30:45 PDT 2021","Thu Aug 19 01:30:45 PDT 2021","","","","747","100% (101/101)","100% (101/101)","100% (62/62)","10_12","Password Protect a PDF - Using PDF2Go","Open the PDF2Go website","Click Download File","Click Choose File","Select your PDF","Click Open"," Scroll down to the ""Settings"" section","Enter a password","Disable PDF permissions","Scroll down and enter an editing password","Click SAVE CHANGES","","","","","","","NO","Between Step 2 and Step 3","","","","","","","","","","","","","","","","","","","","","",""
"3RWB1RTQDKPYTX5XAJ99ZQ7GERFP8Y","3QH037L2CN8MML4WDVCY8REXC5JAWN","Provide the optional step for completing a process","You will be asked to provide a missing optional step of completing a process","commonsense, event","$0.03","Mon Aug 16 00:14:54 PDT 2021","5","BatchId:4531901;OriginalHitTemplateId:920937340;","3600","259200","Mon Aug 23 00:14:54 PDT 2021","","","33M4IA01QH3C7VKELLUR94KCE5RRXE","ABPVF7XEC88WF","Submitted","Mon Aug 16 01:20:45 PDT 2021","Mon Aug 16 01:30:15 PDT 2021","Thu Aug 19 01:30:15 PDT 2021","","","","570","100% (46/46)","100% (46/46)","100% (14/14)","10_12","Password Protect a PDF - Using PDF2Go","Open the PDF2Go website","Click Download File","Click Choose File","Select your PDF","Click Open"," Scroll down to the ""Settings"" section","Enter a password","Disable PDF permissions","Scroll down and enter an editing password","Click SAVE CHANGES","","","","","","","NO","N/A","","","","","","","","","","","","","","","","","","","","","",""
"3RWB1RTQDKPYTX5XAJ99ZQ7GERFP8Y","3QH037L2CN8MML4WDVCY8REXC5JAWN","Provide the optional step for completing a process","You will be asked to provide a missing optional step of completing a process","commonsense, event","$0.03","Mon Aug 16 00:14:54 PDT 2021","5","BatchId:4531901;OriginalHitTemplateId:920937340;","3600","259200","Mon Aug 23 00:14:54 PDT 2021","","","3B2X28YI3XHC89JTO1ZB9C2OZEF6BA","AJ43O59MBI55L","Submitted","Mon Aug 16 00:25:58 PDT 2021","Mon Aug 16 00:27:06 PDT 2021","Thu Aug 19 00:27:06 PDT 2021","","","","68","100% (16/16)","0% (0/0)","0% (0/0)","10_12","Password Protect a PDF - Using PDF2Go","Open the PDF2Go website","Click Download File","Click Choose File","Select your PDF","Click Open"," Scroll down to the ""Settings"" section","Enter a password","Disable PDF permissions","Scroll down and enter an editing password","Click SAVE CHANGES","","","","","","","select the option to set paswaord","Between Step 5 and Step 6","","","","","","","","","","","","","","","","","","","","","",""
"3RWB1RTQDKPYTX5XAJ99ZQ7GERFP8Y","3QH037L2CN8MML4WDVCY8REXC5JAWN","Provide the optional step for completing a process","You will be asked to provide a missing optional step of completing a process","commonsense, event","$0.03","Mon Aug 16 00:14:54 PDT 2021","5","BatchId:4531901;OriginalHitTemplateId:920937340;","3600","259200","Mon Aug 23 00:14:54 PDT 2021","","","3X3OR7WPZ02BPWOT8TL37TUKH3L8LN","AK3KLLEOPQWDU","Submitted","Mon Aug 16 00:46:22 PDT 2021","Mon Aug 16 00:48:59 PDT 2021","Thu Aug 19 00:48:59 PDT 2021","","","","157","100% (104/104)","100% (104/104)","100% (55/55)","10_12","Password Protect a PDF - Using PDF2Go","Open the PDF2Go website","Click Download File","Click Choose File","Select your PDF","Click Open"," Scroll down to the ""Settings"" section","Enter a password","Disable PDF permissions","Scroll down and enter an editing password","Click SAVE CHANGES","","","","","","","NO","Between Step 5 and Step 6","","","","","","","","","","","","","","","","","","","","","",""
"34XASH8KLRODEM714KJS488BYW4MPJ","3QH037L2CN8MML4WDVCY8REXC5JAWN","Provide the optional step for completing a process","You will be asked to provide a missing optional step of completing a process","commonsense, event","$0.03","Mon Aug 16 00:14:54 PDT 2021","5","BatchId:4531901;OriginalHitTemplateId:920937340;","3600","259200","Mon Aug 23 00:14:54 PDT 2021","","","3IXEICO793LC4VDAONQW968A5LH6T2","A1Y61KE0P56FQR","Submitted","Mon Aug 16 00:45:49 PDT 2021","Mon Aug 16 00:57:16 PDT 2021","Thu Aug 19 00:57:16 PDT 2021","","","","687","100% (98/98)","100% (98/98)","100% (46/46)","10_13","Gently Curl Your Hair - Using a Headband","Start with slightly damp hair"," Finish off with a texturizing spray and hairspray, if needed"," Slip a wide, fabric headband over your head","Split your hair into two equal-sized sections","Twist the left section onto a tight rope just behind your ear"," Wrap the rope around the headband, towards the back of your head","Repeat the process on the other side of your head","Let your hair dry completely","Gently unwrap your hair and pull off the headband","Separate your hair with your fingers","","","","","","","","","no","Between Step 3 and Step 4","","","","","","","","","","","","","","","","","","","",""
"34XASH8KLRODEM714KJS488BYW4MPJ","3QH037L2CN8MML4WDVCY8REXC5JAWN","Provide the optional step for completing a process","You will be asked to provide a missing optional step of completing a process","commonsense, event","$0.03","Mon Aug 16 00:14:54 PDT 2021","5","BatchId:4531901;OriginalHitTemplateId:920937340;","3600","259200","Mon Aug 23 00:14:54 PDT 2021","","","358010RM5FV4021VU5Z1A19FZA0XV7","A1Y9ZRLSVHCZCD","Submitted","Mon Aug 16 01:03:05 PDT 2021","Mon Aug 16 01:09:39 PDT 2021","Thu Aug 19 01:09:39 PDT 2021","","","","394","100% (101/101)","100% (101/101)","100% (62/62)","10_13","Gently Curl Your Hair - Using a Headband","Start with slightly damp hair"," Finish off with a texturizing spray and hairspray, if needed"," Slip a wide, fabric headband over your head","Split your hair into two equal-sized sections","Twist the left section onto a tight rope just behind your ear"," Wrap the rope around the headband, towards the back of your head","Repeat the process on the other side of your head","Let your hair dry completely","Gently unwrap your hair and pull off the headband","Separate your hair with your fingers","","","","","","","","","NO","Between Step 5 and Step 6","","","","","","","","","","","","","","","","","","","",""
"34XASH8KLRODEM714KJS488BYW4MPJ","3QH037L2CN8MML4WDVCY8REXC5JAWN","Provide the optional step for completing a process","You will be asked to provide a missing optional step of completing a process","commonsense, event","$0.03","Mon Aug 16 00:14:54 PDT 2021","5","BatchId:4531901;OriginalHitTemplateId:920937340;","3600","259200","Mon Aug 23 00:14:54 PDT 2021","","","3B1NLC6UG0YG9W99JJQYGNK2AW5GPF","A2IVIAT2FWPQHM","Submitted","Mon Aug 16 01:10:50 PDT 2021","Mon Aug 16 01:45:58 PDT 2021","Thu Aug 19 01:45:58 PDT 2021","","","","2108","100% (66/66)","100% (63/63)","100% (44/44)","10_13","Gently Curl Your Hair - Using a Headband","Start with slightly damp hair"," Finish off with a texturizing spray and hairspray, if needed"," Slip a wide, fabric headband over your head","Split your hair into two equal-sized sections","Twist the left section onto a tight rope just behind your ear"," Wrap the rope around the headband, towards the back of your head","Repeat the process on the other side of your head","Let your hair dry completely","Gently unwrap your hair and pull off the headband","Separate your hair with your fingers","","","","","","","","","no","Between Step 3 and Step 4","","","","","","","","","","","","","","","","","","","",""
"34XASH8KLRODEM714KJS488BYW4MPJ","3QH037L2CN8MML4WDVCY8REXC5JAWN","Provide the optional step for completing a process","You will be asked to provide a missing optional step of completing a process","commonsense, event","$0.03","Mon Aug 16 00:14:54 PDT 2021","5","BatchId:4531901;OriginalHitTemplateId:920937340;","3600","259200","Mon Aug 23 00:14:54 PDT 2021","","","33NF62TLXK4PP72UEX6THJQJ8EFJKK","A2JT2HHVRCIAV8","Submitted","Mon Aug 16 01:05:14 PDT 2021","Mon Aug 16 01:08:30 PDT 2021","Thu Aug 19 01:08:30 PDT 2021","","","","196","0% (0/0)","0% (0/0)","0% (0/0)","10_13","Gently Curl Your Hair - Using a Headband","Start with slightly damp hair"," Finish off with a texturizing spray and hairspray, if needed"," Slip a wide, fabric headband over your head","Split your hair into two equal-sized sections","Twist the left section onto a tight rope just behind your ear"," Wrap the rope around the headband, towards the back of your head","Repeat the process on the other side of your head","Let your hair dry completely","Gently unwrap your hair and pull off the headband","Separate your hair with your fingers","","","","","","","","","Shake out and style your curls","After Step 10","","","","","","","","","","","","","","","","","","","",""
"34XASH8KLRODEM714KJS488BYW4MPJ","3QH037L2CN8MML4WDVCY8REXC5JAWN","Provide the optional step for completing a process","You will be asked to provide a missing optional step of completing a process","commonsense, event","$0.03","Mon Aug 16 00:14:54 PDT 2021","5","BatchId:4531901;OriginalHitTemplateId:920937340;","3600","259200","Mon Aug 23 00:14:54 PDT 2021","","","3TYCR1GOTDLQ9SPGHJLGKDROGCSLZ5","A2T69U2VBQLW3Y","Submitted","Mon Aug 16 00:46:39 PDT 2021","Mon Aug 16 00:51:44 PDT 2021","Thu Aug 19 00:51:44 PDT 2021","","","","305","100% (92/92)","100% (92/92)","100% (46/46)","10_13","Gently Curl Your Hair - Using a Headband","Start with slightly damp hair"," Finish off with a texturizing spray and hairspray, if needed"," Slip a wide, fabric headband over your head","Split your hair into two equal-sized sections","Twist the left section onto a tight rope just behind your ear"," Wrap the rope around the headband, towards the back of your head","Repeat the process on the other side of your head","Let your hair dry completely","Gently unwrap your hair and pull off the headband","Separate your hair with your fingers","","","","","","","","","NO","Between Step 5 and Step 6","","","","","","","","","","","","","","","","","","","",""
"3JTPR5MTZTEEVOPFZTXYRPBQIR8K5Q","3QH037L2CN8MML4WDVCY8REXC5JAWN","Provide the optional step for completing a process","You will be asked to provide a missing optional step of completing a process","commonsense, event","$0.03","Mon Aug 16 00:14:54 PDT 2021","5","BatchId:4531901;OriginalHitTemplateId:920937340;","3600","259200","Mon Aug 23 00:14:54 PDT 2021","","","3XM0HYN6NL1IPIDIDO0AGKZQXGOEPU","A1Y61KE0P56FQR","Submitted","Mon Aug 16 01:01:26 PDT 2021","Mon Aug 16 01:09:51 PDT 2021","Thu Aug 19 01:09:51 PDT 2021","","","","505","100% (98/98)","100% (98/98)","100% (46/46)","10_14","Turn Off Voicemail on a Samsung - Changing Call-Forwarding Settings","Open the Phone app","If you want to modify other call-forwarding details, you can make your changes in these menus","Tap the ⋮ menu","Tap Settings","Tap Supplementary Services or More Settings","Tap Call Fowarding","Tap Forward when busy","Tap Turn off","Tap Update to return to the main screen"," Repeat these steps for ""Forward when unanswered"" and ""Forward when unreachable","","","","","","","","","","","no","Between Step 7 and Step 8","","","","","","","","","","","","","","","","","",""
"3JTPR5MTZTEEVOPFZTXYRPBQIR8K5Q","3QH037L2CN8MML4WDVCY8REXC5JAWN","Provide the optional step for completing a process","You will be asked to provide a missing optional step of completing a process","commonsense, event","$0.03","Mon Aug 16 00:14:54 PDT 2021","5","BatchId:4531901;OriginalHitTemplateId:920937340;","3600","259200","Mon Aug 23 00:14:54 PDT 2021","","","3E1QT0TDFQB9ZVGNNQOQFD2S0ZYI8Q","A1Y9ZRLSVHCZCD","Submitted","Mon Aug 16 01:14:03 PDT 2021","Mon Aug 16 01:20:12 PDT 2021","Thu Aug 19 01:20:12 PDT 2021","","","","369","100% (101/101)","100% (101/101)","100% (62/62)","10_14","Turn Off Voicemail on a Samsung - Changing Call-Forwarding Settings","Open the Phone app","If you want to modify other call-forwarding details, you can make your changes in these menus","Tap the ⋮ menu","Tap Settings","Tap Supplementary Services or More Settings","Tap Call Fowarding","Tap Forward when busy","Tap Turn off","Tap Update to return to the main screen"," Repeat these steps for ""Forward when unanswered"" and ""Forward when unreachable","","","","","","","","","","","NO","Between Step 5 and Step 6","","","","","","","","","","","","","","","","","",""
"3JTPR5MTZTEEVOPFZTXYRPBQIR8K5Q","3QH037L2CN8MML4WDVCY8REXC5JAWN","Provide the optional step for completing a process","You will be asked to provide a missing optional step of completing a process","commonsense, event","$0.03","Mon Aug 16 00:14:54 PDT 2021","5","BatchId:4531901;OriginalHitTemplateId:920937340;","3600","259200","Mon Aug 23 00:14:54 PDT 2021","","","39ASUFLU6Y9NYRF9ZFARAXLTZG6EXT","A2WMX6GLWV0KC","Submitted","Mon Aug 16 01:32:37 PDT 2021","Mon Aug 16 01:36:03 PDT 2021","Thu Aug 19 01:36:03 PDT 2021","","","","206","100% (80/80)","100% (80/80)","100% (35/35)","10_14","Turn Off Voicemail on a Samsung - Changing Call-Forwarding Settings","Open the Phone app","If you want to modify other call-forwarding details, you can make your changes in these menus","Tap the ⋮ menu","Tap Settings","Tap Supplementary Services or More Settings","Tap Call Fowarding","Tap Forward when busy","Tap Turn off","Tap Update to return to the main screen"," Repeat these steps for ""Forward when unanswered"" and ""Forward when unreachable","","","","","","","","","","","NO","N/A","","","","","","","","","","","","","","","","","",""
"3JTPR5MTZTEEVOPFZTXYRPBQIR8K5Q","3QH037L2CN8MML4WDVCY8REXC5JAWN","Provide the optional step for completing a process","You will be asked to provide a missing optional step of completing a process","commonsense, event","$0.03","Mon Aug 16 00:14:54 PDT 2021","5","BatchId:4531901;OriginalHitTemplateId:920937340;","3600","259200","Mon Aug 23 00:14:54 PDT 2021","","","3OONKJ5DKDL2XFPXOXL5QCOFKEBBO6","AK3KLLEOPQWDU","Submitted","Mon Aug 16 00:46:24 PDT 2021","Mon Aug 16 00:50:20 PDT 2021","Thu Aug 19 00:50:20 PDT 2021","","","","236","100% (104/104)","100% (104/104)","100% (55/55)","10_14","Turn Off Voicemail on a Samsung - Changing Call-Forwarding Settings","Open the Phone app","If you want to modify other call-forwarding details, you can make your changes in these menus","Tap the ⋮ menu","Tap Settings","Tap Supplementary Services or More Settings","Tap Call Fowarding","Tap Forward when busy","Tap Turn off","Tap Update to return to the main screen"," Repeat these steps for ""Forward when unanswered"" and ""Forward when unreachable","","","","","","","","","","","NO","Between Step 3 and Step 4","","","","","","","","","","","","","","","","","",""
"3JTPR5MTZTEEVOPFZTXYRPBQIR8K5Q","3QH037L2CN8MML4WDVCY8REXC5JAWN","Provide the optional step for completing a process","You will be asked to provide a missing optional step of completing a process","commonsense, event","$0.03","Mon Aug 16 00:14:54 PDT 2021","5","BatchId:4531901;OriginalHitTemplateId:920937340;","3600","259200","Mon Aug 23 00:14:54 PDT 2021","","","3XXU1SWE8NXCBOSMGYJY508R4UIA0U","AUGB87RX972IH","Submitted","Mon Aug 16 01:17:25 PDT 2021","Mon Aug 16 01:28:34 PDT 2021","Thu Aug 19 01:28:34 PDT 2021","","","","669","100% (81/81)","100% (78/78)","100% (49/49)","10_14","Turn Off Voicemail on a Samsung - Changing Call-Forwarding Settings","Open the Phone app","If you want to modify other call-forwarding details, you can make your changes in these menus","Tap the ⋮ menu","Tap Settings","Tap Supplementary Services or More Settings","Tap Call Fowarding","Tap Forward when busy","Tap Turn off","Tap Update to return to the main screen"," Repeat these steps for ""Forward when unanswered"" and ""Forward when unreachable","","","","","","","","","","","no","Between Step 2 and Step 3","","","","","","","","","","","","","","","","","",""